county,year,totalPopulation
San Juan,2004,634
Pitkin,2001,16183
Teller,2028,26690
Weld,2042,549518
Costilla,2006,3700
El Paso,2039,922463
Broomfield,2016,67702
Las Animas,2045,12257
Jackson,2019,1378
Chaffee,1998,15528
Broomfield,2000,38545
Eagle,2017,53719
Kit Carson,2014,7665
Montrose,2025,45521
Elbert,2044,37875
Washington,2043,4606
San Miguel,1991,4124
Washington,2033,4923
Pueblo,2008,156250
Gunnison,2030,18149
San Miguel,2043,11195
Saguache,2046,6746
Eagle,2024,57189
Ouray,2030,5047
Custer,1990,1926
Cheyenne,1991,2477
Rio Blanco,2020,6534
Pueblo,1991,123482
Kiowa,2040,1327
Delta,2030,33057
Crowley,2009,5800
Fremont,2049,51911
Garfield,2010,56150
Routt,2048,35909
Denver,2007,570438
Saguache,2042,6692
Costilla,2024,3416
Morgan,1996,26048
Alamosa,2002,15271
Garfield,2023,63991
Elbert,1993,11535
Douglas,2013,306329
San Juan,1990,745
Mineral,2016,771
Morgan,2015,28339
Weld,2049,611246
Rio Grande,2030,11459
Hinsdale,2021,792
Costilla,2032,3256
Mineral,2015,750
Alamosa,2050,17142
Lake,2037,8528
Baca,2006,4086
Jackson,2038,1244
Custer,1994,2414
Montezuma,2028,27338
Conejos,2031,7156
Clear Creek,2016,9238
Sedgwick,2015,2388
Fremont,2011,47075
Arapahoe,2035,759590
Larimer,2029,407366
Huerfano,2019,6776
Jackson,1997,1599
Custer,2042,4080
Arapahoe,2046,816915
Clear Creek,2010,9155
Routt,2033,30564
Otero,2001,19899
Archuleta,2029,15032
Crowley,2033,6075
Jackson,2033,1275
Montrose,2008,39947
Weld,2026,384736
Phillips,2030,4516
Kit Carson,2041,7200
Weld,2018,313213
Ouray,2049,5716
Yuma,2041,10124
Elbert,2015,24062
Fremont,2016,47286
Teller,2021,24879
Pueblo,2047,193458
Routt,2004,21292
Kit Carson,2026,7042
Washington,1997,5214
Elbert,2020,26187
Clear Creek,2041,10986
Delta,2002,28776
El Paso,2012,648443
Moffat,2001,13090
Douglas,2038,448396
Gunnison,2039,19388
Prowers,1992,13102
Delta,2023,31336
Gunnison,2047,20218
Garfield,2049,94242
Sedgwick,2042,2357
Mineral,2031,925
Jackson,2037,1256
Custer,2044,4009
Washington,1996,5224
Eagle,1996,32928
Rio Blanco,2015,6620
Park,2027,18397
Prowers,2008,12687
Mesa,2034,190130
Saguache,2020,6409
Lake,2036,8475
Fremont,2045,51359
Kiowa,2000,1612
Larimer,2040,465225
Pitkin,1994,14539
Eagle,2027,58484
Montrose,2043,54852
Kiowa,1990,1688
Baca,2005,4100
Grand,2024,16171
Boulder,2026,342175
Sedgwick,2010,2367
Jefferson,2038,629288
Hinsdale,2009,828
Mineral,2024,915
Cheyenne,2043,1620
Boulder,2009,293641
Lincoln,2009,5465
Pitkin,2038,18168
Broomfield,2026,87408
Bent,2003,6658
Park,2004,15914
Montrose,2014,41385
Park,1998,13061
Lincoln,2001,6072
Conejos,2013,8071
Dolores,2019,2085
Boulder,1991,230977
Washington,2016,4745
Otero,2010,18838
Grand,1993,8930
Baca,1995,4432
Teller,2025,26041
San Juan,1991,703
Fremont,2043,51100
Gunnison,2009,15269
Baca,2010,3795
Moffat,2046,11842
Huerfano,2002,7916
Kiowa,1995,1638
Adams,2008,425134
Gilpin,2001,4830
Pueblo,2014,160871
Arapahoe,2010,574819
Crowley,2044,6175
Adams,2019,516480
Mineral,2003,829
Kit Carson,2046,7261
Crowley,1999,5002
Weld,2019,322334
Jefferson,2021,582978
Chaffee,2022,19734
Jackson,1998,1591
Garfield,2024,64873
Montezuma,2037,28722
Lake,2049,8882
Hinsdale,2012,835
Adams,2014,479904
Elbert,2049,37708
Dolores,2020,2083
Mineral,2000,836
Mineral,2043,903
Elbert,2024,29068
Mesa,2018,154045
Logan,1997,20006
Ouray,1993,2652
Sedgwick,2018,2401
Phillips,2003,4476
Logan,2009,22515
Prowers,2002,14006
Logan,1998,20001
Phillips,2033,4497
Pueblo,2038,188028
Baca,2023,3394
Elbert,2011,23032
Phillips,2006,4505
Lake,2002,7726
Routt,2050,36379
Delta,2016,30490
Lincoln,2017,5597
Moffat,2008,13443
Routt,2015,23823
Las Animas,2005,15570
Rio Grande,2020,11557
Las Animas,1995,14907
Baca,2000,4500
Rio Grande,2046,10509
Lincoln,2035,6090
Washington,1994,5220
Cheyenne,2022,1734
San Juan,2007,689
San Miguel,2046,11397
Delta,2009,30628
Montrose,2006,37973
Arapahoe,1991,403200
Adams,2043,738267
Yuma,2030,10197
La Plata,2011,51805
Ouray,1990,2295
Alamosa,2014,15792
Mineral,2037,908
Arapahoe,2027,703593
Crowley,1990,3946
Rio Blanco,2013,6762
Larimer,2028,401689
Saguache,2005,6286
Montezuma,2020,25857
San Juan,2037,662
Teller,2012,23270
Mesa,2036,195763
Weld,2004,214065
Mineral,1991,571
Alamosa,2006,15353
Morgan,2008,27742
Rio Grande,2023,11501
Teller,2016,23606
Boulder,2012,305880
El Paso,2029,821521
Otero,2042,15970
Las Animas,1998,15050
Yuma,1995,9446
Chaffee,2033,21406
Pueblo,2004,148721
Rio Grande,2016,11731
Baca,2025,3342
Logan,2037,22640
Prowers,2006,13210
Delta,2049,36228
Rio Blanco,1991,6024
Weld,2050,619624
Mesa,2044,215254
Montezuma,2050,29894
Otero,2039,16455
Otero,1998,20507
Washington,2036,4851
El Paso,2020,731640
Grand,2016,15042
Adams,2024,544466
La Plata,2020,55649
Baca,2017,3524
Teller,2006,22791
Huerfano,2034,6260
El Paso,2038,913736
Douglas,2020,360034
San Miguel,2017,8013
Routt,2021,24727
Phillips,2032,4503
La Plata,2015,54302
Huerfano,2044,5201
Jefferson,2048,637334
Alamosa,2039,17057
Delta,1996,25718
Mineral,2010,705
Morgan,2041,33666
Park,2026,18251
Lake,2022,7443
Clear Creek,2035,10521
Kiowa,2046,1285
Chaffee,1996,15124
Broomfield,2013,60664
Montezuma,2023,26225
Gilpin,2038,5607
Lincoln,2045,6201
Cheyenne,2025,1743
Denver,2000,556740
Yuma,2001,9833
Costilla,2021,3474
Broomfield,2042,95510
Alamosa,1998,14621
Pueblo,2043,191515
Douglas,2035,438460
Mineral,2034,920
Jackson,2000,1574
Delta,2045,35815
Larimer,2019,356799
Boulder,1990,226022
Huerfano,2047,4896
Rio Blanco,2005,5820
Broomfield,2022,78202
Costilla,1996,3586
Rio Blanco,2042,5943
Broomfield,2025,85028
Crowley,2030,6039
El Paso,2037,904630
Arapahoe,2000,490722
Ouray,2031,5072
Prowers,2004,13659
Park,1999,13904
Adams,2040,708641
Garfield,2031,73212
Bent,2048,5350
Crowley,2025,5964
Dolores,1999,1810
El Paso,2033,864950
Arapahoe,2026,696151
Broomfield,2008,54399
Bent,2039,5410
Morgan,2045,34301
Park,2032,18920
Kiowa,2031,1391
Huerfano,2037,5958
Pitkin,2012,17200
Eagle,2032,61248
Ouray,2013,4519
Boulder,2002,284434
Phillips,2029,4522
Fremont,2004,46537
La Plata,2016,54879
Sedgwick,2004,2610
Baca,2036,3121
San Juan,2010,709
El Paso,2041,938801
Custer,2028,4575
Grand,1995,9952
Weld,1998,172393
Hinsdale,1998,775
Montezuma,2049,29817
Alamosa,1997,14478
Teller,2031,27099
Boulder,2039,379447
Teller,2004,22215
Arapahoe,2017,642977
Lincoln,1993,5882
Otero,2022,18608
Elbert,2029,33474
Otero,2021,18703
Lincoln,2015,5549
Las Animas,2039,13140
Conejos,2009,8211
Arapahoe,2002,510500
Arapahoe,2031,732329
Pitkin,2034,17970
Conejos,2024,7250
Montrose,2019,42503
El Paso,2016,692291
Montrose,1995,29669
Adams,1996,323039
Prowers,2029,11628
Denver,2030,802309
Costilla,2012,3513
Mineral,2002,806
Delta,2021,31083
El Paso,2019,725496
Huerfano,2004,7731
Morgan,2026,30386
Morgan,2009,28027
Gilpin,1996,3789
Sedgwick,1994,2660
Eagle,2023,56766
Huerfano,2048,4807
Jackson,2028,1305
Sedgwick,2002,2691
Elbert,2007,22480
Hinsdale,2003,785
Custer,2039,4204
Park,2023,17721
Gunnison,1992,10771
Delta,2048,36142
Prowers,2017,11930
Conejos,2004,8503
Teller,2010,23441
Elbert,2017,24946
Custer,2033,4420
Lincoln,2016,5576
Conejos,1991,7535
Mineral,1997,745
Gilpin,2015,5546
Montezuma,2042,29233
Alamosa,2018,16183
Pitkin,2017,17657
Adams,2006,407588
Summit,2004,26705
Grand,2021,15719
Teller,1995,16979
Montrose,2002,34932
Crowley,2035,6092
Montezuma,2029,27528
Crowley,2010,5838
Mineral,2032,921
Pueblo,2001,143993
Pueblo,2006,152061
La Plata,1996,39700
Summit,2012,28386
Prowers,2025,11834
Huerfano,2046,4994
Gunnison,2028,17857
Gilpin,2033,5646
Montezuma,1994,21390
Conejos,2014,7993
Delta,2046,35931
Rio Grande,2022,11500
Rio Grande,1990,10770
Conejos,2028,7189
Chaffee,2000,16312
Delta,2028,32522
Bent,2022,5566
Huerfano,2045,5095
Baca,1992,4298
Crowley,2020,5840
Crowley,2049,6221
Teller,2050,29192
Weld,1994,151375
Eagle,2022,56227
Park,2024,17911
Grand,2027,16536
Broomfield,1993,0
Larimer,2039,460320
Grand,2034,17553
Yuma,2029,10199
Saguache,2022,6479
Pitkin,2026,17519
Kit Carson,2040,7190
Kiowa,2029,1410
Morgan,2037,32908
Custer,2014,4440
Mesa,1999,114570
Washington,2041,4686
Conejos,2030,7166
San Miguel,2008,7306
Gilpin,2036,5635
Larimer,2025,383900
Moffat,2044,11983
Costilla,2033,3244
Mineral,2011,703
Clear Creek,1994,8460
Phillips,2044,4400
Gunnison,2003,14208
Saguache,2003,6281
Eagle,2029,59353
Jefferson,1996,498048
Montrose,2034,51029
Broomfield,2029,93150
Archuleta,1993,6183
Phillips,1990,4189
Denver,2027,778168
Baca,2049,2939
Weld,2006,231284
Montezuma,2022,26034
Chaffee,2036,21684
Gunnison,2018,16679
El Paso,2005,569322
Lake,2010,7282
Kiowa,2020,1458
Phillips,2010,4465
San Juan,2035,665
Rio Grande,2031,11439
Las Animas,2012,15248
Baca,1991,4438
Phillips,1995,4477
Kiowa,2003,1556
Otero,2016,18792
Weld,2034,472106
Huerfano,2035,6164
Douglas,2049,466227
Alamosa,2023,16598
Pitkin,1997,14796
Alamosa,1991,13641
Washington,2009,4777
Park,2031,18849
Fremont,2026,48942
Denver,2022,733279
Lake,2018,7329
Douglas,2014,314613
Teller,2038,27923
Saguache,1996,5426
Lincoln,2008,5517
Sedgwick,2000,2742
Jefferson,2013,552241
Rio Blanco,1999,6093
Moffat,2006,13105
Montrose,2036,52109
Lake,2007,7270
Lincoln,2042,6115
San Miguel,1994,5308
Yuma,2045,10029
Pitkin,2005,16134
Prowers,2037,11112
Cheyenne,2040,1650
Alamosa,2049,17143
Routt,2022,25069
Morgan,2034,32270
Eagle,2049,70845
Hinsdale,2027,824
Ouray,2023,4908
Moffat,2000,13182
Washington,2046,4471
Las Animas,2015,14994
La Plata,2049,79183
Morgan,1991,22703
Boulder,2033,363468
Pueblo,1999,139718
Mesa,2033,187219
Boulder,2050,396766
Jackson,2036,1257
San Miguel,2041,11016
San Juan,2030,679
Prowers,2030,11568
Pueblo,2005,149974
Fremont,2038,50473
Grand,2030,16939
Crowley,2026,5985
Alamosa,2010,15474
Arapahoe,2025,688688
Prowers,2003,13824
Huerfano,2000,7826
Pueblo,2033,183283
Ouray,2047,5630
Arapahoe,2016,637657
Hinsdale,2039,842
Crowley,2017,5832
Cheyenne,2010,1834
Clear Creek,2050,11329
Broomfield,2017,69658
Clear Creek,2008,9294
Huerfano,2032,6437
Rio Grande,2012,11914
Washington,2037,4819
Gilpin,2047,5398
Summit,2049,37085
Summit,2035,34106
Dolores,2050,1700
Conejos,2042,6961
Lake,2013,7077
Broomfield,2038,95841
Chaffee,2042,22175
Bent,2026,5500
Pueblo,1992,124412
Garfield,2000,44239
Washington,2032,4932
Morgan,2048,34767
Mineral,1996,735
Grand,2047,19180
Custer,2020,4710
Crowley,2045,6181
Rio Grande,2017,11689
Lake,2011,7238
Lincoln,1991,5432
Baca,2037,3101
Custer,2012,4371
Washington,2030,4934
Alamosa,2013,15714
Moffat,2022,13243
Denver,2015,675533
Crowley,2008,5890
Yuma,2005,9891
Bent,2010,6506
Costilla,2037,3171
Sedgwick,2026,2460
Gilpin,1998,4241
Clear Creek,2011,9028
Logan,2014,21964
Pitkin,2029,17669
Dolores,2010,2060
Ouray,2027,4983
Mineral,1993,603
Mesa,2046,219323
San Juan,2006,673
Moffat,2050,11541
San Juan,2005,647
Baca,2042,3027
Delta,2037,34615
Douglas,2041,456121
Sedgwick,2024,2425
El Paso,1994,456506
Montrose,1997,31251
Gunnison,2027,17714
Arapahoe,2039,785031
El Paso,2014,665764
Jefferson,2028,606176
La Plata,2050,79820
San Miguel,2035,10315
Elbert,1992,10764
Lincoln,2000,6164
Teller,2037,27825
Delta,2008,30340
Summit,2032,33420
Alamosa,2031,16844
Montezuma,2003,24379
Saguache,2006,6242
Crowley,2037,6112
Phillips,2025,4536
Sedgwick,2034,2397
Garfield,2008,54228
Dolores,2018,2090
Rio Blanco,2018,6588
Archuleta,1990,5352
Hinsdale,2022,794
Logan,2035,22512
Lincoln,2046,6232
Broomfield,2033,95267
Routt,2001,20430
Chaffee,2049,22548
Saguache,2049,6791
San Juan,2043,671
Eagle,2042,67838
Rio Blanco,2002,5936
Alamosa,2020,16326
Larimer,2020,359698
Park,2034,19033
Park,2049,18670
Lake,1996,7554
Garfield,2005,49261
Pueblo,2050,194564
Garfield,2033,75917
Montezuma,2009,25362
Douglas,2012,298735
Routt,1998,18605
Fremont,2035,50079
Crowley,2000,5128
Gilpin,2004,4826
Alamosa,2042,17107
Larimer,2034,434727
Logan,2032,22327
Teller,2015,23008
Sedgwick,2035,2392
Teller,2039,28023
Bent,2014,5845
Sedgwick,2017,2398
Larimer,2041,470052
Summit,2013,28861
Fremont,1993,36504
Larimer,2018,350663
Bent,2012,5865
Morgan,2001,27473
Lincoln,2005,5789
La Plata,2030,65091
Kit Carson,1995,7413
Saguache,2009,6128
Baca,2048,2944
Lincoln,2012,5501
Jefferson,2045,636766
Moffat,2032,12716
Delta,1997,26001
Washington,2006,4981
Clear Creek,2004,9459
Pitkin,2008,16674
Lincoln,2013,5517
Prowers,1996,14009
Clear Creek,2046,11234
Kit Carson,2045,7246
Archuleta,2033,16062
Larimer,2049,506589
Jackson,2026,1310
Archuleta,2002,10695
Rio Blanco,2003,5854
Morgan,2046,34456
Rio Blanco,2000,5967
Elbert,2031,34858
Bent,2013,5799
Routt,1995,17257
Grand,2007,14341
Jackson,2002,1590
Yuma,1993,9172
Weld,2030,429760
Fremont,2025,48871
Clear Creek,2028,9807
Montezuma,2021,25860
Logan,2007,22402
Rio Grande,2005,12695
Teller,2022,25169
Logan,2034,22454
San Miguel,2037,10570
Pitkin,2024,17386
Kiowa,1992,1700
Mesa,2027,169234
Chaffee,2020,19514
Jefferson,2014,559017
Custer,2036,4311
Denver,2005,559459
Otero,1991,20374
Delta,2012,30554
La Plata,2023,57830
Boulder,1995,257502
Kit Carson,2037,7159
Moffat,2027,12971
Ouray,2016,4718
El Paso,2045,966947
Gilpin,2014,5537
Eagle,1998,37611
Kit Carson,2028,7054
Bent,2036,5434
Adams,2047,775785
Otero,2038,16606
Gunnison,2031,18290
Bent,2034,5449
Saguache,2013,6163
Conejos,2017,7754
Costilla,2016,3516
Crowley,2003,5161
Bent,2043,5387
Douglas,2023,378976
Delta,1990,20980
Yuma,2021,9997
Chaffee,2027,20469
Custer,2038,4238
Elbert,2025,29987
Bent,2008,6010
Lincoln,2050,6370
Douglas,2034,434710
Summit,2031,33188
Fremont,2027,49009
Otero,1999,20408
San Juan,2024,693
Baca,1999,4522
Montezuma,2043,29315
Clear Creek,1996,8722
Moffat,2043,12057
Dolores,2009,2051
Hinsdale,2014,822
Jefferson,1993,476206
Hinsdale,2007,847
Crowley,1995,4220
Teller,2040,28123
Jackson,2009,1386
Phillips,2027,4538
Adams,2004,385940
Archuleta,1996,7929
Bent,2035,5438
Chaffee,2008,17399
Moffat,1990,11357
Yuma,2014,10181
Gunnison,2017,16467
Conejos,2006,8471
Phillips,2050,4366
Adams,2041,718670
Prowers,2044,10562
Las Animas,2013,15168
Custer,2002,3781
Logan,2004,22178
Summit,1994,17107
Sedgwick,2038,2371
Las Animas,2050,11468
Chaffee,1994,14104
Garfield,2011,56271
Otero,2013,18798
Hinsdale,2028,819
Sedgwick,2036,2388
Phillips,2014,4492
Montezuma,2036,28608
Custer,2047,3891
Moffat,2014,13012
Archuleta,2043,18505
Huerfano,2022,6793
Denver,1997,527442
Saguache,1990,4619
Conejos,2039,7039
Mineral,2038,916
Elbert,2010,23107
Adams,1993,290782
Prowers,1999,14372
Jefferson,2007,527121
Washington,1999,5022
Dolores,2021,2091
San Juan,2020,706
Costilla,2009,3504
Lincoln,2040,6102
Saguache,2002,6244
Ouray,2040,5356
Summit,2001,26290
Delta,2019,31235
San Juan,1998,552
Adams,2025,552929
Saguache,2024,6522
San Miguel,2031,9713
Larimer,1991,193546
Logan,2008,22320
Bent,2042,5389
Grand,2002,13458
Moffat,2033,12653
Logan,1992,17567
Eagle,2033,61991
Sedgwick,2029,2437
Delta,2043,35570
Cheyenne,2036,1688
Las Animas,2021,14443
Garfield,2015,57498
Otero,1990,20185
Jackson,2048,1188
Hinsdale,2008,825
Montrose,2050,55996
La Plata,1990,32466
Moffat,2037,12424
Conejos,2022,7296
Rio Grande,2036,11255
Garfield,1993,32579
Morgan,1993,24238
Eagle,1997,35206
Las Animas,2020,14562
Moffat,2018,13292
Conejos,1996,8021
Moffat,2049,11607
Logan,2045,23029
Grand,1997,10960
Archuleta,2050,19855
Park,1995,10575
Eagle,2003,45757
Clear Creek,2044,11153
Boulder,1992,238392
Custer,2017,4542
Alamosa,2047,17142
Conejos,2010,8282
Summit,2033,33643
Prowers,2031,11507
Gilpin,2013,5511
Ouray,2022,4888
Phillips,2008,4449
Bent,1993,5357
Logan,2048,23134
Morgan,2028,30870
Mineral,2012,720
Gilpin,2005,4893
Moffat,1991,11453
Moffat,2013,13192
Crowley,2015,5840
Summit,2017,31135
Denver,2001,563301
Montrose,2004,36129
Bent,1991,4965
Broomfield,2040,95747
Yuma,2017,9970
Garfield,2027,68001
Rio Grande,2003,12622
Conejos,2032,7145
Kiowa,1996,1662
Baca,2047,2964
Lincoln,2020,5658
San Miguel,2032,9865
Custer,1997,3060
El Paso,2002,545239
Jefferson,2049,637090
Garfield,2032,74564
Archuleta,2026,14373
Las Animas,1997,15048
Denver,2021,725107
Broomfield,2045,94924
Kiowa,2041,1321
Garfield,2042,87730
Bent,2019,5979
San Miguel,2034,10168
Huerfano,2012,6689
Morgan,2022,29361
Eagle,2028,58924
Gilpin,2026,5746
Lincoln,2023,5791
Arapahoe,2018,650166
Weld,2037,501942
Routt,2032,30104
Montezuma,2007,25184
Lincoln,2027,5951
Dolores,1992,1401
Yuma,2032,10178
Denver,1990,467856
Costilla,2030,3298
Ouray,2029,5022
Lake,2016,7239
Summit,2000,25708
Montrose,2040,53869
Dolores,2013,2082
Rio Blanco,2016,6620
Alamosa,2017,16053
Grand,2037,17988
Logan,2000,20656
Chaffee,2045,22359
Grand,2020,15711
Jackson,2047,1197
Huerfano,2028,6669
San Juan,1997,572
Mesa,1995,105412
Garfield,2044,89952
Huerfano,2042,5406
Logan,2011,22208
Lake,2042,8722
Hinsdale,2045,853
Washington,2018,4814
Jackson,2039,1238
Kit Carson,1991,7156
El Paso,2036,895186
Douglas,2002,209706
Broomfield,2018,71320
Ouray,2025,4942
Elbert,2028,32693
Chaffee,2013,18035
Mineral,2026,921
Gunnison,2044,19944
Pueblo,2046,193033
Garfield,2026,66882
Conejos,1998,8186
Routt,2025,26583
Larimer,1997,232800
Summit,2034,33879
San Juan,2049,678
Lake,2045,8799
San Miguel,2027,9054
Las Animas,2044,12413
Arapahoe,2033,746152
Kiowa,2028,1419
Grand,2003,13681
Mesa,2040,206151
San Juan,2047,678
Denver,2010,604879
Fremont,2007,46662
Summit,2005,26621
Montrose,2013,41331
Montrose,2042,54554
Routt,2039,33088
Eagle,1995,30882
Delta,2047,36037
Larimer,1995,221626
El Paso,2001,536336
Summit,1999,22568
Rio Blanco,2023,6507
Boulder,2041,384166
Gunnison,2020,16943
Hinsdale,2016,808
Moffat,2016,13266
Elbert,2016,24448
Gunnison,2046,20119
Saguache,1992,4796
Eagle,2002,45104
Garfield,2003,47483
Arapahoe,2028,711027
Adams,2003,377669
Mineral,1995,669
Gunnison,2023,17187
Larimer,2032,423990
Washington,2010,4815
Hinsdale,2001,801
Boulder,1996,261769
Larimer,2033,429395
Kiowa,2050,1260
Ouray,2028,4997
Crowley,2043,6158
Denver,2047,856478
Sedgwick,2013,2383
Summit,2038,34821
Otero,2027,18069
Adams,2034,646904
Chaffee,1995,14659
Clear Creek,1998,9005
Conejos,2025,7234
Fremont,2005,46448
Broomfield,2002,42430
Teller,2014,23117
Arapahoe,2020,655047
Rio Blanco,2044,5864
El Paso,2049,989383
Bent,2018,5979
Logan,2003,22374
Costilla,1998,3708
Archuleta,2023,13863
Saguache,1997,5492
Sedgwick,2022,2400
Cheyenne,1994,2297
Kiowa,2018,1441
Ouray,2009,4372
Sedgwick,2028,2442
Pitkin,1993,14060
Eagle,2010,52057
San Miguel,1998,6452
Bent,2011,6356
San Juan,2032,668
San Juan,1992,575
Yuma,2037,10167
Crowley,2018,5839
Archuleta,2003,10965
Saguache,1993,4831
El Paso,2043,953614
Morgan,2003,27852
Lincoln,2043,6136
Jackson,2003,1587
Kiowa,2042,1315
Pueblo,2037,187185
Denver,2046,858041
Fremont,1995,40520
Archuleta,2032,15800
Custer,1999,3357
Montezuma,2010,25532
Moffat,2010,13806
Routt,2026,27117
Saguache,2028,6559
Park,2005,16063
Summit,2029,32721
Park,2020,17427
Weld,1997,166839
Las Animas,2017,14813
Routt,2036,31889
Las Animas,2009,15478
El Paso,2003,551671
Lincoln,1992,5972
Denver,2028,786361
Huerfano,2027,6703
Teller,2009,23201
Gilpin,2029,5680
Gilpin,2020,5799
Douglas,1990,61562
Las Animas,2007,15525
Weld,2013,269766
Weld,2032,451801
Yuma,2042,10110
Kiowa,1998,1655
Montrose,2044,55106
Routt,2000,20122
Boulder,2043,388238
Moffat,2047,11763
Weld,2031,441652
Baca,2011,3758
Cheyenne,2028,1739
Baca,2040,3053
Park,2000,14728
Ouray,2024,4933
Hinsdale,2004,833
El Paso,2021,737865
Broomfield,2012,59275
Yuma,2007,9882
Gilpin,1993,3372
Conejos,2007,8434
Montrose,2016,41595
Rio Grande,2025,11540
Dolores,2030,1990
Garfield,1997,38887
Bent,2017,5969
Broomfield,1999,0
Garfield,2013,56801
Rio Blanco,1993,6261
Montrose,2003,35637
Cheyenne,2018,1786
Ouray,2020,4881
Larimer,2042,474832
Teller,2011,23264
Montrose,2037,52597
Delta,2041,35291
Mineral,1990,558
Custer,2050,3782
Gunnison,1994,11667
Arapahoe,1999,481307
Archuleta,2005,11402
Alamosa,2038,17032
Weld,2025,373611
Las Animas,2048,11772
Clear Creek,2029,9910
Cheyenne,2045,1595
Hinsdale,2024,808
Grand,2031,17095
Montezuma,2026,26910
Yuma,1990,8954
Eagle,2041,67300
Phillips,2004,4584
Kit Carson,2015,7566
Bent,2002,6205
Costilla,1991,3264
Chaffee,1999,15935
El Paso,1995,469692
Summit,2008,27463
Teller,2008,23103
San Juan,2050,692
Pitkin,2016,17689
Montezuma,2045,29486
Routt,2020,24836
San Miguel,2022,8194
Prowers,2034,11320
Baca,2039,3070
Routt,2008,22934
Logan,2018,21615
Phillips,2005,4547
Kiowa,2023,1454
Broomfield,2031,94732
Washington,2007,4925
Otero,2046,15304
Conejos,2021,7321
Summit,2018,31093
Clear Creek,1997,8880
Conejos,2015,7928
Sedgwick,1991,2668
Gunnison,2026,17556
Conejos,2005,8499
Ouray,2004,4028
Chaffee,2046,22411
Otero,2026,18180
Prowers,1993,13420
Gunnison,2005,14473
Yuma,2038,10151
Pitkin,1996,14548
Adams,2022,529891
Weld,2035,482139
Archuleta,2028,14799
Mineral,2048,870
Rio Blanco,2019,6532
Las Animas,2041,12860
Chaffee,2031,21186
Clear Creek,2018,9390
Boulder,2001,283508
Douglas,2010,287124
Mesa,2002,121786
Dolores,2039,1859
Boulder,2018,328058
Rio Grande,2048,10300
Lake,2041,8689
La Plata,2048,78548
Kit Carson,2047,7276
Bent,2021,5594
Adams,2009,436321
Denver,2029,794411
Huerfano,2041,5519
Jackson,2043,1210
Jefferson,2001,528070
Teller,2030,26965
Pitkin,2000,15763
Ouray,2044,5513
Montrose,2009,40685
Conejos,2047,6806
San Juan,2038,661
Elbert,1991,10267
Summit,1995,18274
Mineral,2050,851
Baca,2003,4257
Dolores,2001,1861
Lake,1998,7827
Logan,2046,23067
Gilpin,2007,4956
Pueblo,2041,190277
Clear Creek,2042,11055
Prowers,2014,12022
Morgan,2050,35086
Rio Grande,1997,11968
Kiowa,2010,1399
Montezuma,2030,27708
Jefferson,2016,571744
Mineral,2036,912
Douglas,2027,401709
Boulder,2038,376967
Broomfield,2036,95770
Denver,2043,862312
Gunnison,1995,11982
Sedgwick,2011,2370
Garfield,2018,59770
Hinsdale,2037,834
Weld,2010,254230
Teller,2019,24680
Chaffee,2024,19992
Dolores,2043,1796
Kit Carson,2038,7168
Arapahoe,2029,718181
Las Animas,2004,15702
Pitkin,2013,17318
Cheyenne,1999,2276
Montrose,2015,41458
Custer,2019,4641
Washington,2022,4837
Chaffee,2028,20655
Rio Grande,2029,11487
Costilla,2022,3449
Gilpin,2008,5084
Eagle,2040,66725
Prowers,2045,10475
Hinsdale,2015,813
Bent,2029,5491
Hinsdale,1996,710
Washington,2034,4894
Arapahoe,2008,556252
Montrose,2011,41249
Clear Creek,2048,11291
Phillips,2036,4472
San Juan,2017,696
Weld,2045,576655
Phillips,2000,4451
Ouray,1996,3256
Adams,2031,615243
Cheyenne,2005,2042
Grand,2012,14925
Washington,2050,4277
Rio Blanco,1998,6230
Washington,2029,4922
Jefferson,2022,586506
Otero,2003,19666
Adams,2002,371182
Elbert,2050,37670
Las Animas,2027,14224
La Plata,1992,34430
Pitkin,2021,17308
Grand,2026,16433
Logan,2026,21920
Yuma,1992,9008
San Miguel,2002,7040
Logan,2042,22896
Lake,2009,7174
Arapahoe,1994,436413
Rio Grande,2038,11146
Archuleta,1994,6538
Ouray,2008,4407
Costilla,2004,3802
Dolores,1990,1504
Broomfield,2015,65828
Mineral,1998,778
Baca,2031,3211
Ouray,2021,4869
Lake,2046,8823
Moffat,2015,13039
Eagle,2001,44440
Montrose,2001,34443
Eagle,2007,49286
Douglas,1998,144352
Pueblo,2031,181032
Huerfano,2020,6799
Washington,2039,4759
Garfield,2035,78609
Costilla,2028,3331
San Juan,2029,685
Pitkin,1992,13365
Cheyenne,2033,1708
Conejos,2034,7121
Arapahoe,2001,501667
Dolores,2008,2074
Washington,2040,4716
Archuleta,2042,18281
Park,2011,15896
Douglas,2030,417107
Broomfield,1998,0
Boulder,2021,332892
Conejos,2040,7014
San Juan,2001,568
Sedgwick,1998,2679
Jefferson,2018,579822
Morgan,2044,34150
Hinsdale,2000,792
Broomfield,1997,0
Summit,1991,13469
Washington,2038,4793
El Paso,2018,717809
Kit Carson,2012,8084
Alamosa,2001,15230
Clear Creek,2001,9468
Dolores,2049,1715
Douglas,2036,442004
Phillips,2012,4479
Dolores,2024,2057
Custer,1993,2322
Lake,2012,7100
Crowley,2024,5927
Cheyenne,2009,1829
Pitkin,2023,17353
Sedgwick,2001,2694
El Paso,2011,639137
Larimer,2009,297501
Baca,2044,3004
Saguache,2025,6534
Huerfano,1991,6060
Otero,2007,18941
Garfield,2028,69224
Teller,2020,24777
El Paso,1998,498018
Logan,2043,22947
Kiowa,2007,1472
Costilla,2046,3018
Ouray,2005,4083
Chaffee,2015,18103
Crowley,2019,5843
Delta,2013,30425
Dolores,2014,2081
Garfield,2048,93539
Montezuma,1990,18672
Teller,1997,19069
Washington,2048,4373
Saguache,2033,6596
Delta,2039,34962
Montezuma,2031,27888
Garfield,2020,61724
Gunnison,2007,14950
Jefferson,1997,504230
Washington,2035,4876
Conejos,2012,8137
Jackson,2008,1384
Eagle,2004,46480
Custer,2045,3965
Washington,2013,4617
Hinsdale,2049,854
Rio Blanco,2007,6090
Montezuma,2017,25561
Baca,1997,4560
Cheyenne,2038,1668
Gilpin,2048,5379
Eagle,2038,65499
Crowley,2016,5838
Adams,2001,359441
Pueblo,2019,167484
La Plata,2034,68417
Yuma,2023,10027
San Miguel,2005,7045
Alamosa,2033,16896
Custer,2008,4119
Moffat,1999,13026
Kit Carson,1993,7262
Rio Grande,1994,11466
Denver,2025,761529
Elbert,2018,25364
Jackson,2005,1489
Denver,2016,686469
Adams,2028,583731
Huerfano,2029,6630
Rio Blanco,2033,6270
Montezuma,2013,25482
Garfield,2041,86514
Boulder,2005,282913
Prowers,2035,11252
Huerfano,2009,6712
Summit,2043,35922
Boulder,2016,323957
Bent,2046,5370
Eagle,1994,29026
Garfield,2030,71854
Mesa,2024,161643
Montezuma,1997,22974
Chaffee,2026,20285
Kit Carson,2005,7998
Clear Creek,2027,9701
Logan,2012,22130
Ouray,2033,5125
Chaffee,2009,17603
Washington,1995,5236
Costilla,2017,3518
Douglas,2000,180511
Lincoln,2004,5905
Yuma,2024,10050
Larimer,2017,344189
Delta,2035,34224
Jefferson,2023,590163
San Juan,2046,678
Morgan,2016,28288
Broomfield,2007,53333
Phillips,2019,4523
Dolores,2042,1812
Costilla,2023,3437
Gilpin,1994,3499
Otero,1992,20293
Morgan,2005,27949
Logan,2016,21776
Sedgwick,2032,2420
Las Animas,2024,14340
Morgan,2040,33485
Jackson,2018,1377
Prowers,2047,10295
Las Animas,1990,13765
El Paso,2008,599064
Baca,2008,3903
Ouray,2002,3905
Costilla,1995,3521
Cheyenne,2020,1742
Moffat,2012,13214
Saguache,2010,6144
Sedgwick,1992,2633
Morgan,2018,28936
Las Animas,2033,13819
Otero,2012,18816
Teller,2032,27227
Lincoln,2036,6093
Douglas,2045,462852
La Plata,2012,52316
San Miguel,2007,7276
Park,2015,15974
Logan,2038,22688
Elbert,1996,15812
Alamosa,2015,15887
Mesa,2010,147155
Ouray,2014,4531
Sedgwick,2016,2390
Ouray,2006,4138
Logan,1994,18831
Mesa,1992,97408
Montezuma,2018,25607
Garfield,2012,56418
Bent,2049,5345
Otero,2011,18829
Arapahoe,1995,442542
Prowers,1990,13240
Huerfano,1999,7830
Kit Carson,2022,7017
Dolores,2004,1870
Rio Grande,2040,11015
Las Animas,2010,15407
Logan,2006,22270
Moffat,1994,11997
Douglas,2008,276743
Otero,2049,14817
Archuleta,2025,14198
Yuma,1996,9521
Alamosa,1994,13826
Gilpin,2049,5362
Mesa,2037,198476
Elbert,2033,35988
Crowley,2029,6033
Douglas,2044,461524
Saguache,2034,6616
Summit,2026,31860
La Plata,2033,67617
Douglas,2042,458176
Teller,1996,18134
Cheyenne,2014,1813
Eagle,1999,39910
La Plata,2005,47710
Arapahoe,2014,618311
Montrose,2022,43799
Ouray,2036,5220
Dolores,2011,2053
Dolores,2047,1742
Fremont,2033,49793
Costilla,1992,3196
Costilla,2007,3677
Mesa,2004,126625
San Juan,2028,688
Pitkin,2032,17831
Kit Carson,2002,8287
Conejos,2037,7080
Alamosa,2026,16692
Park,2043,18902
Saguache,2047,6760
Grand,2046,19083
Crowley,2027,6010
Weld,2041,540226
Jackson,2027,1309
Adams,2012,460468
La Plata,2028,63349
Dolores,2000,1847
Crowley,1992,4140
Conejos,2000,8407
Eagle,2011,52124
Mesa,2050,226581
Moffat,1992,11697
Gunnison,1996,12241
Mineral,2013,736
Hinsdale,2010,843
Routt,2019,24518
Eagle,2005,47278
Pueblo,2040,189576
Garfield,2019,60559
Weld,1995,157174
Larimer,1999,246158
Saguache,2039,6668
Kit Carson,2011,8165
Conejos,2050,6703
Gilpin,1995,3670
Delta,2005,29409
Lincoln,2026,5917
Weld,1999,177267
Routt,2047,35655
San Miguel,2006,7057
Jefferson,2050,636783
Baca,2016,3508
Jackson,1992,1577
Pitkin,2039,18216
Archuleta,2022,13693
Routt,2038,32703
Logan,2013,22051
San Juan,1996,591
Rio Blanco,2011,6738
Arapahoe,2013,607859
Eagle,2019,54817
La Plata,2039,72305
Costilla,2003,3799
Denver,2011,620228
Chaffee,2003,16793
Cheyenne,2006,1979
Jackson,2011,1382
Teller,2007,23167
Montrose,2017,41765
Yuma,2036,10164
Archuleta,2009,11900
Routt,2013,23576
Summit,2015,30264
Grand,1996,10512
Douglas,2015,322083
Rio Blanco,2036,6167
Gilpin,2046,5427
Kiowa,2011,1380
Douglas,2032,426544
Lincoln,2041,6107
El Paso,2022,746683
Kit Carson,2024,7021
Routt,2027,27630
Phillips,2024,4539
Crowley,1998,4283
Lake,2031,8180
La Plata,2031,65946
Eagle,2030,59764
Pueblo,1994,128721
Logan,1996,19664
Chaffee,2004,16943
Conejos,1994,7746
Huerfano,1995,7159
Pitkin,2003,16275
Costilla,2042,3087
Conejos,2036,7099
Lincoln,2010,5474
Broomfield,1992,0
Dolores,1996,1645
Custer,2032,4455
Cheyenne,2013,1816
Baca,2032,3193
Denver,2009,595575
Clear Creek,2000,9360
Hinsdale,2011,841
San Miguel,2039,10809
Boulder,2019,328830
Routt,2040,33461
Hinsdale,1995,657
Adams,2023,536458
Jefferson,2044,636089
Gunnison,2041,19642
Las Animas,2043,12574
Prowers,2011,12482
Hinsdale,1997,739
Mesa,2001,119864
Grand,2025,16293
Gilpin,2021,5823
Yuma,2003,10093
Arapahoe,2023,672827
Broomfield,2005,48250
Eagle,2046,69722
Cheyenne,2017,1787
Custer,2035,4351
Costilla,2001,3740
Gilpin,2023,5793
Prowers,2026,11780
Chaffee,1993,13702
Moffat,1996,12285
Grand,2028,16649
Alamosa,2046,17138
Adams,2018,511420
La Plata,1998,41170
San Juan,2023,700
Montezuma,2025,26648
Delta,2040,35128
Grand,2038,18127
San Miguel,2013,7612
Bent,2041,5401
Adams,1999,355309
Prowers,2018,11969
Larimer,2010,300532
Crowley,2048,6211
Fremont,2006,46702
Kit Carson,2001,8078
Denver,2008,581905
Mineral,2001,822
Mesa,2020,155910
Las Animas,2032,13914
La Plata,2019,55511
Alamosa,2012,15606
Crowley,2036,6105
Broomfield,1996,0
Elbert,2026,30944
Ouray,2048,5665
Grand,2035,17698
Bent,2025,5534
Kiowa,2045,1287
Elbert,2001,21294
Las Animas,2038,13269
San Juan,2016,697
Las Animas,2025,14310
Adams,2036,667710
Eagle,2013,52262
Gilpin,2002,4834
Hinsdale,2036,835
Grand,2040,18391
Saguache,2017,6210
Kiowa,2025,1442
Logan,1993,17965
Denver,2042,862412
Moffat,2039,12314
Fremont,2024,48874
Montrose,1992,26219
Mesa,1990,93572
Montrose,2007,39129
Custer,2009,4165
Clear Creek,2025,9530
Archuleta,1997,8528
Yuma,2008,9895
Bent,2004,6362
Kiowa,2048,1273
La Plata,2017,55034
Alamosa,2027,16717
Kiowa,1993,1700
Rio Blanco,2008,6161
Conejos,2038,7063
Pueblo,2012,160334
Washington,2004,5061
Sedgwick,1997,2730
Grand,2000,12852
Custer,1991,2010
San Miguel,1992,4563
Custer,2043,4043
Crowley,2012,5838
Summit,2027,32196
Summit,2011,28081
Larimer,2023,372573
Grand,1991,8391
Mesa,2023,159725
Las Animas,2016,14906
Phillips,1997,4575
Huerfano,2003,8044
Weld,2027,395758
Baca,2020,3476
Montrose,2028,47345
Jackson,2010,1387
Otero,2040,16302
Kit Carson,2032,7097
Saguache,2023,6506
Gilpin,2040,5562
Broomfield,2006,51151
Dolores,2028,2015
Denver,2032,817349
Bent,2037,5424
Weld,2039,521311
Chaffee,1991,12866
Yuma,2028,10200
Clear Creek,2047,11270
Saguache,2048,6772
Eagle,2048,70488
Arapahoe,2048,822581
Washington,2008,4802
Las Animas,2019,14642
Gunnison,1990,10273
Denver,2026,769878
Clear Creek,2043,11101
Morgan,2010,28196
Rio Grande,1998,12117
Pitkin,2041,18305
Kiowa,1999,1626
Weld,1996,161805
Sedgwick,2048,2335
Prowers,2005,13509
Weld,2036,492084
San Juan,2002,599
Costilla,2015,3515
Costilla,2049,2956
Rio Grande,2006,12432
Chaffee,2023,19871
Douglas,1999,162324
Yuma,2009,10032
Boulder,2013,310897
Rio Grande,2014,11823
Clear Creek,2024,9484
Costilla,2010,3532
Routt,2011,23481
Arapahoe,2022,665144
Mineral,2007,808
Kit Carson,1999,7901
Custer,2006,4023
Jefferson,2035,623862
Rio Grande,2041,10954
Broomfield,2020,74469
Cheyenne,2049,1546
Pueblo,2027,176074
Sedgwick,1990,2690
Adams,2030,604681
Morgan,2039,33301
Routt,2010,23439
Larimer,2016,339126
Delta,1998,26827
Chaffee,2047,22459
Rio Grande,2008,12106
Lincoln,2006,5668
Douglas,2046,463970
Gilpin,2050,5332
Boulder,2047,394141
Costilla,1990,3190
Fremont,2047,51633
Cheyenne,1997,2297
Hinsdale,2013,825
San Juan,2018,702
Teller,2013,23107
Saguache,2031,6583
Denver,2031,810045
San Juan,2019,709
Garfield,2004,48159
Denver,2003,560350
Denver,2049,853304
Adams,1997,332750
Yuma,2013,10138
San Miguel,2030,9554
San Miguel,2033,10021
Costilla,2014,3516
Morgan,2036,32700
El Paso,2017,704794
Montrose,2023,44375
Denver,2006,562863
Custer,1992,2139
Alamosa,2008,15345
Phillips,2015,4504
Douglas,2017,335938
Alamosa,2028,16746
Eagle,1992,24938
Archuleta,2020,13368
Las Animas,2001,15314
Kiowa,2021,1462
Weld,2001,192478
Huerfano,2017,6739
Garfield,1995,36417
Washington,2017,4844
Chaffee,2019,19392
Rio Blanco,2006,5978
Yuma,2000,9815
Jefferson,1999,520811
Arapahoe,2047,819830
Teller,2047,28854
Costilla,2038,3150
Douglas,2001,199035
Adams,2039,698529
Arapahoe,2019,653808
Otero,1995,20698
Grand,2017,15144
Grand,2019,15406
Kit Carson,2018,7280
La Plata,2035,69218
Gunnison,1998,13444
Sedgwick,2014,2384
La Plata,2032,66800
Saguache,2027,6549
Jefferson,2026,600055
Prowers,2027,11736
Larimer,1990,187078
Montrose,2039,53476
Denver,2002,559088
Lincoln,1998,6106
San Miguel,2047,11456
Huerfano,2036,6065
Custer,2013,4407
Larimer,2012,310960
Rio Grande,1999,12288
Baca,2007,3998
Jackson,2024,1330
Alamosa,2022,16520
Hinsdale,2017,806
Las Animas,2028,14182
Clear Creek,2049,11320
Archuleta,2000,10042
Baca,2030,3231
Alamosa,2024,16634
Rio Grande,2010,12001
Delta,2032,33557
La Plata,1999,42757
Kit Carson,2050,7311
Alamosa,2029,16782
Cheyenne,2002,2164
Rio Grande,2000,12429
Prowers,2021,12015
San Miguel,2014,7730
Denver,2014,658632
Washington,2044,4569
Mineral,2045,888
Crowley,2005,5436
Eagle,2050,71179
Logan,2030,22196
Las Animas,2035,13618
Huerfano,2006,7749
Rio Blanco,2004,5903
Mesa,2015,148778
Bent,1996,5625
Montrose,2000,33579
Saguache,1994,4943
Cheyenne,2021,1728
Jefferson,2009,532604
Dolores,2025,2045
Pitkin,2002,16102
Kit Carson,2048,7283
Saguache,2021,6470
Moffat,2036,12488
Mesa,2026,166569
Pueblo,2034,184335
Pitkin,2033,17900
Morgan,1994,25078
Custer,1996,2850
Alamosa,2025,16661
Kiowa,2006,1517
Lincoln,2049,6336
Jackson,2015,1377
Gilpin,2019,5750
Mesa,2031,181227
Saguache,2032,6590
Lincoln,2002,6046
Fremont,2031,49511
Adams,2015,490355
Lincoln,1995,5984
La Plata,2045,76573
Douglas,1991,66688
El Paso,2009,608519
Gunnison,2006,14648
Arapahoe,2037,772640
Yuma,2020,9999
Otero,2036,16902
Saguache,2043,6712
Boulder,2031,357688
Fremont,2034,49935
Custer,2000,3518
Kiowa,2015,1406
Lincoln,2032,6064
Boulder,2003,282761
Jackson,2049,1185
Yuma,2012,10077
Park,2036,19067
Routt,2005,21456
La Plata,2013,53140
Prowers,2015,11885
Costilla,2040,3118
Montrose,2038,53058
Teller,2027,26531
Park,2003,15787
San Miguel,2021,8079
Broomfield,2001,41386
Elbert,1999,19086
San Juan,2025,699
Archuleta,2048,19503
Jackson,2050,1179
Lincoln,1996,6113
Pueblo,2011,159837
Yuma,2004,9887
Kiowa,1997,1660
Douglas,2003,221146
Summit,2036,34331
Cheyenne,2024,1732
Alamosa,2036,16983
Fremont,2015,47213
Adams,2048,784836
Hinsdale,2005,808
Prowers,2016,11884
Broomfield,2027,89806
Costilla,2027,3356
Fremont,2050,52053
Hinsdale,2019,802
Otero,1993,20435
Cheyenne,2015,1806
Alamosa,1996,14319
Pueblo,2029,178607
Crowley,2011,5831
Jackson,2040,1232
Garfield,2002,46728
Sedgwick,2027,2454
Hinsdale,1991,449
Boulder,2010,295605
Weld,2046,585471
Lake,1993,6265
Larimer,2046,493355
Ouray,2045,5543
Grand,2033,17405
Rio Blanco,1994,6318
Delta,2010,30889
Jackson,2034,1269
Otero,1997,20763
Jefferson,2008,530564
Otero,2041,16133
Phillips,2026,4545
Yuma,2006,9919
Adams,2027,573373
Clear Creek,2021,9378
Eagle,2014,52399
Clear Creek,2014,9035
San Juan,2042,669
Garfield,2050,94890
Archuleta,2006,11800
Morgan,2011,28427
Mineral,2042,905
Denver,2044,860995
Alamosa,1993,13656
Dolores,2044,1786
Custer,2007,4124
Yuma,2049,9900
Pueblo,2042,190917
Jefferson,2012,546628
Mineral,2004,850
Bent,2006,6076
Ouray,2043,5469
El Paso,2006,582501
Larimer,2043,479542
Hinsdale,2044,849
Cheyenne,2004,2058
Summit,1992,13845
Conejos,2003,8387
Jackson,1990,1605
Mesa,2048,223093
San Miguel,2010,7356
Mesa,2047,221238
Jefferson,2000,526716
Kit Carson,2021,7025
Teller,2049,29082
Gilpin,2045,5449
Morgan,2030,31355
Ouray,2011,4405
Rio Blanco,2001,5880
Costilla,2034,3224
Costilla,2005,3696
Mesa,2011,147953
Denver,1996,518260
Weld,2023,356703
Crowley,2040,6140
Elbert,2032,35459
Clear Creek,2038,10776
Morgan,2006,27983
Pitkin,2042,18349
Huerfano,2021,6807
Garfield,2006,51106
Lake,2040,8655
Pitkin,1999,14827
Otero,2019,18738
Boulder,2007,288754
Archuleta,2037,17077
Sedgwick,2007,2425
Conejos,1993,7641
Pitkin,2048,18672
Pitkin,2009,17056
Rio Blanco,1995,6400
Hinsdale,2020,799
Summit,2014,29499
Elbert,2030,34202
Otero,2015,18819
Broomfield,2024,82649
Summit,2016,30820
Yuma,2016,10051
Clear Creek,2015,9160
Costilla,2031,3287
Delta,2029,32802
Fremont,2042,50974
Bent,2033,5455
Clear Creek,2031,10127
Morgan,2032,31820
Bent,2020,5588
Denver,2050,850636
Baca,1996,4524
Moffat,2031,12757
Lake,2047,8839
Otero,2029,17824
Montrose,2024,44937
Ouray,2037,5253
El Paso,2048,984298
Phillips,1996,4502
Broomfield,2048,94225
Morgan,2002,27663
Montrose,2035,51591
Routt,1999,19232
Pitkin,2018,17645
Bent,2000,5966
Logan,2050,23190
Delta,2004,29452
Otero,2004,19561
Ouray,2050,5751
Mineral,2041,907
Arapahoe,2041,795758
Washington,1992,4892
Delta,2027,32253
Grand,2006,14137
San Miguel,2001,6901
Pitkin,2004,16077
Broomfield,2009,55378
Custer,2024,4667
Kit Carson,2042,7206
Pueblo,2044,192060
Gunnison,2036,18978
Montrose,1999,32750
Washington,2003,5141
Jackson,2035,1258
Huerfano,2025,6754
Elbert,2035,36866
Hinsdale,2033,833
Fremont,2028,49085
Conejos,2048,6777
Jackson,1991,1560
Otero,2023,18507
Adams,2021,523654
Mesa,2022,158045
Jefferson,1998,512482
Montezuma,2034,28343
Bent,2024,5539
Alamosa,2011,15525
Costilla,2020,3488
Conejos,2029,7178
Pueblo,1997,134794
Phillips,1991,4201
Hinsdale,1993,535
Adams,2032,625844
Eagle,2039,66130
Boulder,2014,314218
Larimer,2038,455348
Kit Carson,2033,7110
Teller,1994,15786
Grand,2050,19465
Otero,2014,18781
Montrose,2049,55924
Summit,2021,30835
Hinsdale,2032,836
Hinsdale,2034,833
Costilla,2029,3321
Garfield,2045,90958
Arapahoe,2006,536049
Cheyenne,1992,2407
Moffat,2034,12594
Las Animas,2034,13723
Gilpin,2022,5810
Dolores,2017,2085
Sedgwick,2040,2361
Yuma,1999,9818
Elbert,2048,37752
Boulder,2000,276254
Mesa,1996,107536
Pitkin,2030,17721
Lincoln,2022,5746
Morgan,2000,27250
Elbert,2046,37826
Gunnison,2014,15553
Crowley,2006,5708
Rio Grande,2009,11996
Otero,2035,17046
Baca,2035,3139
Rio Blanco,2026,6457
Fremont,1992,33818
Alamosa,2037,17009
Ouray,1994,2904
Washington,2001,4895
Rio Blanco,2021,6538
Las Animas,2031,13994
Douglas,2018,343262
Otero,2034,17185
Phillips,1992,4230
Gunnison,2029,18010
Lake,2017,7355
Lake,2035,8416
San Miguel,2004,7024
Montrose,2029,47985
Logan,2044,22989
Costilla,2026,3370
Douglas,2006,257832
Lake,2003,7521
Archuleta,2008,12070
Prowers,2048,10196
Montrose,2046,55531
Grand,1990,7967
Bent,2031,5467
Lincoln,2011,5488
Ouray,2042,5430
Broomfield,2037,95832
Adams,2011,452184
Lincoln,2028,5968
Sedgwick,2037,2379
Broomfield,2043,95339
Routt,1997,18119
Custer,2026,4625
Kit Carson,2036,7150
Jefferson,2010,535651
Teller,2035,27598
Kit Carson,2003,8186
Larimer,1998,239080
Larimer,2036,445188
Clear Creek,1990,7619
Phillips,2046,4390
Rio Grande,2033,11374
Larimer,1993,206849
Archuleta,1991,5624
Kiowa,2047,1281
El Paso,1992,422819
Crowley,2028,6022
Jefferson,2019,582571
Weld,2009,248959
Adams,2000,351734
Rio Blanco,2030,6377
Mesa,1997,109762
Chaffee,1992,13119
Montezuma,2011,25522
Sedgwick,2039,2365
Sedgwick,2030,2428
Delta,2044,35696
Elbert,2037,37460
Denver,2004,560225
Saguache,2018,6272
Lake,2043,8748
Pueblo,2035,185330
Gilpin,2000,4807
Arapahoe,2040,790629
Mesa,2041,208556
Pueblo,2018,166685
Jackson,2013,1389
Larimer,2027,395939
Ouray,1995,3080
Crowley,2023,5904
Morgan,2042,33835
Yuma,1994,9278
Montrose,2033,50460
Sedgwick,2045,2340
Routt,2003,21125
Eagle,2037,64854
Cheyenne,2026,1746
Huerfano,2030,6587
Mesa,2035,192986
Rio Grande,1993,11210
Rio Grande,2034,11341
Otero,2002,19625
Clear Creek,2034,10428
Costilla,2013,3517
San Juan,2011,710
Grand,2041,18525
Las Animas,2026,14262
Douglas,2011,292623
Delta,2001,28388
Gilpin,2010,5463
Gunnison,2025,17441
Custer,2025,4647
Costilla,2025,3394
Pitkin,2007,16235
Baca,1998,4531
Summit,2010,28073
Lake,2004,7414
Washington,2021,4819
Washington,2020,4829
La Plata,2008,50074
Morgan,2013,28250
El Paso,2046,973075
Boulder,2029,351771
Park,1992,8089
San Miguel,2038,10691
La Plata,2024,58935
Boulder,2006,286134
Phillips,1999,4519
El Paso,2000,519803
San Miguel,1997,5952
Adams,2049,793782
Park,2007,16337
Huerfano,2040,5633
Montezuma,2014,25469
Teller,2002,21988
Denver,2017,693135
Elbert,2005,22259
Delta,2003,29067
Gunnison,2012,15269
Jefferson,1991,449663
Saguache,2040,6679
Dolores,2002,1880
Clear Creek,2045,11192
Weld,2033,461983
Costilla,2018,3512
Phillips,2038,4462
Lincoln,1997,6092
San Juan,2036,663
Elbert,2002,21606
El Paso,2013,658299
Dolores,2034,1935
La Plata,2043,75193
Archuleta,2015,12006
Lake,2039,8625
Custer,2046,3924
Douglas,1996,114713
Clear Creek,1995,8686
Arapahoe,1990,393289
Lake,1994,6378
Hinsdale,2029,827
Gunnison,2038,19250
Jackson,2045,1200
Crowley,2022,5882
Gilpin,2003,4847
Adams,2026,563096
Adams,2042,728548
Chaffee,2041,22092
Arapahoe,2021,658287
San Miguel,2003,7013
Mesa,2021,156704
Chaffee,2002,16642
Elbert,2039,37810
Douglas,2021,368862
Larimer,2047,497837
Kiowa,2034,1373
Pueblo,1995,130831
San Juan,1994,558
Rio Blanco,2029,6396
Elbert,1995,14325
Custer,2049,3814
Lake,2000,7939
Park,2042,18942
Jackson,2012,1378
Park,2044,18866
Elbert,2009,22892
Prowers,2050,10001
Hinsdale,2047,846
Mesa,2014,147874
Moffat,2026,13030
Hinsdale,2018,799
Gunnison,2000,13988
Costilla,1997,3641
Crowley,1996,4262
Costilla,2039,3133
Delta,2026,31964
Montrose,2032,49883
Garfield,2039,83927
Sedgwick,2006,2510
Conejos,1997,8104
Gilpin,1990,3070
Washington,2042,4644
Pitkin,2011,17122
La Plata,2037,70786
Sedgwick,2041,2355
Moffat,1995,12189
Rio Grande,2037,11202
Mesa,2049,224867
Delta,2031,33313
Mesa,2029,175031
Chaffee,2014,18065
Las Animas,1992,14034
La Plata,2021,55795
Baca,1990,4556
Summit,2041,35493
Arapahoe,2004,523717
Park,2035,19051
Pueblo,2021,169373
Morgan,2024,29882
Morgan,2049,34925
Weld,2008,244115
Park,2045,18823
Moffat,2025,13086
Lake,1999,7819
Gunnison,2037,19113
Phillips,2001,4488
Arapahoe,2030,725283
Jefferson,2030,611913
Baca,2015,3533
Lincoln,2003,6058
Prowers,2022,11973
Rio Blanco,2028,6422
Douglas,1994,92530
Mineral,2049,860
Pueblo,2036,186280
Yuma,2027,10163
Eagle,2016,53039
Mineral,2022,901
Routt,2018,24312
Conejos,2008,8383
Costilla,2011,3520
Elbert,1997,16987
Gunnison,2034,18701
Custer,2015,4467
Kiowa,2008,1430
Elbert,2019,25668
Pueblo,1996,132502
Conejos,2041,6993
Chaffee,2048,22508
Logan,2039,22750
Mineral,2044,897
San Miguel,2011,7486
Otero,2000,20244
Baca,2024,3370
Clear Creek,2003,9514
Grand,2004,13917
Clear Creek,2030,10020
Douglas,2048,465643
Gilpin,2030,5657
Las Animas,2037,13396
Clear Creek,2002,9462
Elbert,2038,37665
Moffat,2035,12541
Fremont,2020,48883
Summit,2040,35274
Elbert,2000,20102
Fremont,2029,49204
San Juan,2044,673
Garfield,2036,79957
Weld,2014,275990
Ouray,2015,4551
Hinsdale,2031,831
Broomfield,1990,0
Dolores,2005,1886
Phillips,2035,4476
Pueblo,2028,177347
Rio Blanco,1990,6063
Boulder,2036,371769
Boulder,2011,300524
Custer,2040,4161
Boulder,2030,354737
Jefferson,2047,637492
Montrose,2045,55333
Jefferson,2029,609098
Clear Creek,2019,9415
Archuleta,2010,12060
Lake,1997,7870
Gunnison,2050,20477
Lake,2024,7590
Moffat,2045,11915
Sedgwick,2050,2336
Park,2048,18699
Summit,2024,31424
Cheyenne,1990,2397
Yuma,2043,10086
Alamosa,2003,15358
Fremont,2000,46369
Huerfano,2043,5303
Bent,2027,5503
Conejos,2043,6935
Pitkin,2027,17572
Costilla,2036,3186
Moffat,2028,12920
Morgan,1998,26666
Boulder,1997,266064
Fremont,2021,48973
Douglas,1997,129329
Routt,1993,15925
Jefferson,2033,619510
Prowers,2043,10648
San Miguel,2044,11273
Cheyenne,2047,1572
Hinsdale,2040,835
San Juan,2045,675
La Plata,2025,60049
Las Animas,2022,14402
Rio Grande,2018,11647
Rio Grande,2049,10183
Jefferson,2003,525428
Crowley,2047,6203
Prowers,2038,11041
Huerfano,2008,7676
Eagle,2025,57618
Garfield,2022,63121
Chaffee,2040,22011
Teller,2026,26263
Gilpin,2011,5480
Pueblo,2009,157323
Fremont,2017,47574
Hinsdale,2038,841
Crowley,2021,5861
Denver,1994,504252
Montrose,2030,48646
Arapahoe,1998,472406
Dolores,2048,1732
Chaffee,2016,18518
Custer,1995,2621
Phillips,2041,4424
Yuma,2011,10110
Mesa,2042,210865
Baca,2026,3321
Kiowa,2022,1453
Phillips,2021,4555
Moffat,2024,13137
Crowley,1991,3974
La Plata,2002,46087
Cheyenne,1993,2307
Arapahoe,2009,566477
Jefferson,2041,633329
Rio Blanco,1996,6342
Archuleta,2031,15532
Prowers,2040,10886
Teller,1998,19671
Ouray,1999,3627
Otero,2032,17456
Custer,2016,4499
Gunnison,2049,20393
Elbert,2023,28167
Gunnison,2010,15309
Larimer,2031,418513
Crowley,2001,5249
Rio Blanco,2014,6652
El Paso,1997,486808
Larimer,2008,292389
Eagle,2044,68840
Rio Grande,2027,11540
Cheyenne,2050,1537
Garfield,2007,52677
Rio Blanco,2045,5827
Sedgwick,2031,2420
Baca,1993,4325
Dolores,1994,1500
Costilla,1993,3342
Lake,2006,7219
Rio Grande,2007,12166
Washington,2025,4884
Jefferson,2046,637331
Mesa,2008,140678
Broomfield,2011,57575
Weld,2038,511684
Douglas,2040,453812
Kit Carson,2007,7835
Kiowa,2019,1457
Gilpin,1991,3091
Gilpin,2043,5504
Morgan,2033,32047
Routt,1994,16619
La Plata,2009,50760
Baca,2004,4163
Larimer,1994,214930
La Plata,2001,45648
Summit,2048,36906
Gilpin,2032,5642
Jefferson,2004,524880
Mesa,2043,213104
Jefferson,2024,593619
Saguache,2001,6080
Otero,2005,19370
Hinsdale,2023,797
Morgan,2021,29081
Pitkin,2022,17318
Adams,2050,802623
Adams,2029,594171
Crowley,1993,4140
Garfield,2017,58870
Jackson,2006,1441
Garfield,2046,91887
El Paso,2028,810610
Clear Creek,2040,10924
Custer,2010,4272
Pitkin,2006,16087
Alamosa,2009,15305
Larimer,2011,305342
Douglas,2050,466672
Otero,1994,20489
Pitkin,2014,17517
Phillips,2045,4398
San Juan,2022,708
Costilla,2048,2980
Jackson,2021,1370
Arapahoe,2045,813101
Summit,1998,21285
San Miguel,1999,6531
Archuleta,2001,10464
Conejos,2016,7844
Custer,1998,3174
San Miguel,2049,11546
Clear Creek,2023,9449
Logan,2041,22846
Garfield,1998,41225
Douglas,2043,459972
Baca,2033,3175
San Juan,1993,541
Baca,2043,3017
Washington,2028,4912
Larimer,2013,316339
Bent,1999,6001
Douglas,2005,244445
Logan,2001,22359
Logan,2023,21549
Pueblo,2045,192565
Bent,1997,5643
Delta,2024,31484
Las Animas,2006,15554
Morgan,2007,27849
Mesa,2039,203677
Huerfano,2018,6756
Eagle,2036,64168
Huerfano,2013,6701
Gunnison,2021,16946
Kit Carson,2013,8011
Eagle,1993,26834
Bent,2038,5422
Routt,2046,35386
Montrose,1996,30482
Pueblo,2032,182177
El Paso,2042,946389
Montrose,1991,25272
Otero,2047,15144
Fremont,1999,45135
Pueblo,2049,194221
Montezuma,1998,23114
Ouray,2026,4959
Clear Creek,1999,9186
Kiowa,2043,1306
Lincoln,2014,5542
Eagle,2026,58054
Montrose,2047,55691
Jackson,2017,1379
San Juan,2039,659
Custer,2023,4688
Dolores,1997,1674
Clear Creek,2039,10852
Mineral,2046,885
Archuleta,2007,12104
Arapahoe,2005,528217
Phillips,2049,4368
Weld,2005,223431
Prowers,2020,12015
Rio Grande,2045,10602
Elbert,2008,22664
Larimer,2045,488809
Yuma,1997,9655
Boulder,2024,337299
Moffat,1997,12573
Rio Blanco,2022,6522
Montrose,1998,31833
Jefferson,2034,621764
Rio Blanco,2039,6058
Archuleta,2021,13537
Las Animas,2030,14082
Crowley,2013,5847
Archuleta,2041,18055
Huerfano,1996,7395
Rio Grande,1992,10944
Gilpin,2016,5578
Baca,2028,3273
Huerfano,2050,4616
Weld,2021,340019
Larimer,2022,367183
Summit,2003,26707
Cheyenne,1995,2270
Baca,2001,4445
Summit,2025,31616
Costilla,1994,3379
Cheyenne,2007,1911
Lincoln,2019,5645
Eagle,2047,70115
Pitkin,2044,18447
Hinsdale,2026,818
Fremont,2003,46825
Rio Grande,2019,11600
Lake,2048,8855
Otero,2025,18290
Las Animas,1999,15138
Grand,2044,18869
Jackson,2044,1213
Yuma,2022,10010
Sedgwick,1999,2718
Teller,2017,24156
Sedgwick,2005,2575
Mineral,2033,918
Costilla,1999,3680
Yuma,2002,9949
Crowley,1997,4299
Grand,2008,14531
Dolores,2027,2031
Moffat,2030,12813
Conejos,1995,7877
Bent,1990,5048
Crowley,2042,6158
Boulder,2045,391554
Dolores,1991,1432
Pitkin,2046,18560
Jackson,2023,1346
Lake,2001,7819
Las Animas,2011,15325
Pitkin,2036,18087
Logan,2019,21507
Otero,2020,18681
Boulder,2008,291826
Lincoln,2007,5570
Mineral,2023,907
Gunnison,2048,20300
Custer,2018,4589
Lincoln,1990,4715
Park,1991,7699
Eagle,2012,52158
Summit,2019,31190
Grand,2029,16790
La Plata,2038,71548
Conejos,1992,7513
Weld,2040,530833
Logan,1999,20294
Fremont,2008,46777
Routt,1996,17719
Routt,2041,33819
Routt,2007,22410
Mineral,2028,929
Prowers,2019,12013
El Paso,2044,960462
Weld,2024,364876
Montrose,2027,46720
Kiowa,2030,1407
Clear Creek,2009,9064
Broomfield,2044,95146
Boulder,2023,335344
Park,2050,18631
Montezuma,2019,25731
Sedgwick,2019,2404
Montezuma,1991,19062
Saguache,2000,5982
Douglas,1995,103836
Lincoln,2044,6166
Adams,2035,657324
Chaffee,2035,21591
Grand,1999,11996
Kit Carson,2030,7075
Clear Creek,2017,9418
Pueblo,2002,146482
Archuleta,2038,17323
Huerfano,2031,6509
Montezuma,2006,25017
Jackson,2046,1203
Eagle,2000,43288
Montrose,2031,49269
Lincoln,2030,6021
Jackson,2016,1377
Custer,2034,4383
Prowers,2024,11879
Las Animas,2046,12097
Summit,2047,36718
Costilla,2044,3055
Jefferson,2005,523518
Denver,2034,830557
Jackson,2007,1423
Rio Blanco,2024,6492
Washington,2000,4942
Park,2030,18756
Pitkin,2037,18132
Hinsdale,2043,839
Jefferson,2040,632139
Pueblo,2039,188830
Las Animas,2000,15286
Adams,2038,688336
Douglas,2009,282161
La Plata,2026,61265
Archuleta,2039,17567
Jackson,2031,1286
Huerfano,2005,7821
Chaffee,2001,16411
Huerfano,2010,6655
Chaffee,2034,21504
Garfield,2037,81285
Prowers,2013,12287
Weld,2002,198974
Elbert,2003,21938
Cheyenne,2041,1639
Bent,2050,5340
Lake,2030,8090
Jackson,2004,1522
La Plata,2006,48408
San Juan,1999,552
Cheyenne,2044,1606
Larimer,1996,227251
Adams,2017,503706
Larimer,2026,390103
Saguache,1995,5273
Kiowa,2009,1393
Washington,1998,5155
Logan,2028,22062
Otero,2043,15800
Adams,1995,312587
Hinsdale,2042,845
Costilla,2008,3614
Teller,2034,27484
Ouray,2010,4446
Dolores,2007,2003
Delta,2033,33789
Rio Blanco,2035,6196
Mineral,2006,791
Garfield,2014,57135
Archuleta,2004,11169
Archuleta,2011,11957
Larimer,2048,502244
Routt,2006,21889
Mineral,2018,812
Denver,2024,752764
Kit Carson,2031,7091
Custer,2005,4045
El Paso,1999,508809
Custer,2021,4725
Cheyenne,2030,1732
Grand,1992,8605
Weld,2007,238279
Denver,2023,743932
Kiowa,2032,1387
Arapahoe,2024,680586
Routt,2012,23530
Cheyenne,2046,1584
Prowers,2001,14106
Douglas,2022,373735
Yuma,1998,9806
Mesa,2045,217324
Park,2022,17519
Yuma,2047,9971
Routt,2016,23951
Denver,1992,488265
Saguache,2011,6159
Teller,1993,14734
Washington,2002,5255
Grand,1998,11411
Boulder,2028,348582
Montezuma,2048,29728
Conejos,1999,8313
Pitkin,2010,17156
Montrose,2026,46117
Routt,1991,14729
El Paso,2024,767252
Huerfano,2023,6775
Yuma,2010,10032
Logan,2025,21792
Gilpin,2006,4953
Adams,2007,415917
Douglas,1992,75360
Routt,2028,28138
Conejos,2002,8388
Lake,2025,7670
Mesa,2019,155109
Phillips,1993,4373
Garfield,2029,70506
Rio Grande,2002,12407
Morgan,2019,29131
Montezuma,1995,22159
Routt,2009,23325
San Juan,2040,663
Park,2008,16277
Larimer,2004,273262
San Juan,2027,692
Weld,1993,145779
Teller,2043,28426
Summit,2028,32484
Teller,2000,21067
Prowers,2039,10966
Gunnison,2035,18841
Park,2038,19057
Summit,2007,27168
Otero,2048,14985
La Plata,1995,38760
Hinsdale,1994,614
Chaffee,2011,17937
Montezuma,1993,20645
Hinsdale,2048,847
Larimer,2007,286752
Gunnison,1991,10413
Elbert,2013,23184
Grand,2022,15860
Moffat,2041,12193
Boulder,2022,334015
Eagle,2020,55626
Kit Carson,2043,7223
Gunnison,2004,14226
Logan,2015,21874
Chaffee,2021,19630
Gunnison,2002,14310
San Miguel,2029,9384
Delta,2000,27910
La Plata,1991,33411
Boulder,2015,320350
Rio Blanco,2012,6793
Rio Blanco,2027,6440
Prowers,2032,11448
Gunnison,2016,16084
La Plata,2040,73044
Clear Creek,1992,7834
Douglas,2033,430817
Montezuma,2041,29145
Lake,2019,7555
Gilpin,2024,5778
San Juan,2012,702
Rio Blanco,2038,6089
Washington,2031,4930
Washington,2014,4610
Delta,2042,35430
Garfield,1992,31348
Bent,2016,5754
Larimer,1992,199664
Weld,2028,407367
Sedgwick,1995,2652
Lincoln,2034,6086
Huerfano,2014,6703
Bent,1992,5037
Otero,2050,14654
Pitkin,2025,17438
Morgan,2047,34613
Montezuma,2039,28950
Mineral,2005,805
Garfield,2043,88879
Elbert,1990,9746
Archuleta,2016,12362
Delta,2034,34012
Pitkin,2040,18267
Baca,2021,3451
Prowers,2028,11683
Yuma,2019,10006
Elbert,2012,23033
Kit Carson,2034,7117
Adams,2045,757294
Routt,2045,35102
Fremont,2019,48382
San Miguel,2026,8887
Denver,2041,861303
Kiowa,2024,1450
Jackson,2032,1280
Kiowa,2004,1527
Grand,2011,14843
Teller,2042,28328
La Plata,2044,75886
Custer,2027,4602
Jackson,2029,1295
Huerfano,2039,5744
Weld,1990,131964
Conejos,2033,7134
Logan,2033,22392
Alamosa,2021,16424
Costilla,2002,3735
Crowley,2007,5911
Denver,2019,710137
Huerfano,2016,6721
San Miguel,2018,8154
Gunnison,2022,17051
Conejos,2026,7214
Crowley,2002,5349
Denver,2033,824162
Alamosa,2035,16955
Bent,2047,5356
Ouray,1991,2414
Weld,2047,594173
Huerfano,2024,6763
Baca,2041,3042
Otero,2033,17320
Morgan,1992,23486
Boulder,2049,396041
Pueblo,2000,141854
Lake,1992,6208
Park,2002,15415
San Juan,2009,681
Jefferson,2017,575924
Lake,1991,6136
San Juan,2041,668
Delta,2014,30065
Gunnison,1999,13736
Lincoln,2047,6266
Rio Blanco,2037,6135
Douglas,2029,412154
Sedgwick,1993,2650
Montrose,2021,43302
San Juan,2000,574
El Paso,2004,558449
Conejos,2035,7112
Kiowa,2013,1400
Boulder,2027,345380
Conejos,1990,7453
Saguache,2045,6729
Ouray,2035,5185
Washington,2049,4321
Montrose,1994,28505
Logan,2021,21333
Rio Blanco,2043,5902
San Juan,2031,677
Mesa,2007,137389
Gilpin,2018,5705
Huerfano,2011,6674
Montezuma,2005,24600
Montrose,1993,27284
Fremont,2044,51232
Prowers,2049,10097
Phillips,2028,4534
Hinsdale,1990,467
Boulder,2044,389991
Park,2001,15175
Adams,2033,636472
Montezuma,2047,29652
Boulder,1998,274121
Elbert,2040,37888
Denver,2045,859564
Hinsdale,2025,812
Teller,2029,26833
Douglas,2026,396426
Bent,2044,5375
Park,2029,18653
Broomfield,1994,0
Mineral,2014,741
Custer,2037,4277
Pitkin,2019,17414
Delta,2018,31035
Cheyenne,2016,1790
Montezuma,2035,28479
Las Animas,1996,14974
Fremont,1990,32221
Jefferson,2042,634386
Delta,2015,30039
Weld,2043,558685
Alamosa,1999,14825
Pueblo,2015,162447
Pitkin,2031,17772
Kiowa,1991,1682
Weld,2011,258709
Washington,2019,4825
Moffat,2040,12258
Boulder,1994,252726
Custer,2030,4517
Douglas,1993,83128
Park,1990,7260
Costilla,2000,3673
Chaffee,2012,17968
Rio Blanco,2041,5979
Baca,2022,3420
Conejos,2027,7204
Denver,2048,854896
San Miguel,2025,8718
Pueblo,2020,168429
Lake,2050,8892
Ouray,1997,3324
Mesa,2005,128998
Bent,1998,6001
Jefferson,2006,524579
Arapahoe,2044,809093
Park,2025,18084
Lincoln,2039,6102
Rio Blanco,2050,5610
Kit Carson,1994,7340
Teller,2048,28962
Eagle,2034,62737
Cheyenne,2019,1777
Montezuma,2046,29572
San Miguel,2019,8126
Kiowa,2035,1365
Costilla,2045,3035
Pueblo,2013,160563
Teller,1990,12471
Adams,2005,395381
Alamosa,1990,13617
Summit,2022,31048
Clear Creek,2037,10696
Phillips,2009,4461
Chaffee,2005,17019
Jefferson,2043,635305
Montrose,2012,41300
Saguache,2029,6562
Weld,2016,294518
Weld,1992,140128
Alamosa,1995,14103
Park,2019,17515
Kiowa,2012,1381
Boulder,2032,360600
Adams,1992,281386
Arapahoe,2049,825209
Summit,1997,20352
Delta,2011,30435
Archuleta,2047,19316
Delta,2036,34415
Summit,2006,26837
Phillips,2011,4481
Rio Grande,2042,10871
Jackson,1993,1628
Las Animas,1993,14215
Clear Creek,2013,8965
Broomfield,2034,95479
Pitkin,1995,14652
Boulder,2017,325420
Pitkin,1998,14777
Gilpin,2041,5541
Fremont,2036,50223
Eagle,2018,54207
Logan,2022,21433
Adams,2037,678058
San Juan,2003,612
Washington,2026,4898
Montezuma,2044,29401
Arapahoe,2015,629968
Pitkin,2047,18609
Teller,2045,28641
Park,2047,18739
Gilpin,2028,5698
Mesa,2006,133129
Yuma,2031,10189
Conejos,2046,6844
Crowley,2034,6079
Lincoln,2018,5622
Delta,1991,21227
Park,1996,11382
Washington,1991,4784
Prowers,2042,10731
Denver,2020,717627
Grand,2045,18982
Archuleta,2027,14582
San Miguel,2050,11579
Teller,1992,13673
Lake,2032,8244
Jefferson,2031,614591
Denver,2037,847040
Las Animas,2036,13514
Hinsdale,2002,805
Fremont,2002,46971
Lake,2008,7270
Washington,2015,4683
Kit Carson,1997,7601
Sedgwick,2009,2379
Eagle,2045,69285
Boulder,2042,386292
Archuleta,2045,18926
Gilpin,1997,4035
Lincoln,2025,5866
Adams,1998,344025
Chaffee,2018,19248
Weld,2022,347858
Routt,2030,29138
Gilpin,2017,5634
San Miguel,1990,3723
Cheyenne,2008,1903
El Paso,2007,588777
Denver,1991,475184
Ouray,2039,5325
Montrose,2020,42809
Bent,2045,5367
Larimer,2002,266177
Moffat,2042,12121
Jefferson,2011,540625
Summit,2037,34582
Prowers,1998,14223
Costilla,2035,3199
Adams,1990,265709
Montezuma,1999,23518
Summit,2050,37255
La Plata,2022,56705
Fremont,2023,48895
Gilpin,2009,5392
Moffat,2007,13273
Bent,2001,5878
Montrose,2005,36999
San Miguel,2024,8539
San Juan,2021,704
Otero,1996,20738
Grand,2036,17848
Costilla,2019,3501
Huerfano,2001,7903
Montezuma,1996,22645
Routt,2042,34160
San Juan,2048,682
Montezuma,2038,28841
Dolores,2023,2069
La Plata,2000,44578
Denver,2036,842003
Baca,2012,3702
El Paso,2027,799709
Routt,2043,34495
Huerfano,2038,5855
San Juan,2026,696
La Plata,2041,73771
Baca,2002,4315
Arapahoe,2003,516352
Archuleta,2044,18718
Gilpin,2034,5648
Eagle,2031,60502
Mineral,2035,914
Kit Carson,2019,7183
Yuma,2026,10127
Moffat,2002,13127
Prowers,2041,10814
Clear Creek,1993,8039
Yuma,2018,9956
Pueblo,2024,172135
Conejos,2045,6869
Baca,2018,3548
Larimer,2001,260911
Arapahoe,1993,427474
Mesa,2025,163910
Yuma,2033,10172
Crowley,2014,5841
Summit,1990,12926
Conejos,2018,7662
Washington,2027,4901
Douglas,2037,445318
Las Animas,2014,15085
Yuma,2015,10041
Phillips,2034,4487
Pitkin,2049,18726
Rio Grande,2021,11511
Routt,2044,34809
Montezuma,2002,24107
Chaffee,2037,21769
Jackson,2014,1375
Broomfield,2030,94151
Ouray,2032,5100
Grand,2010,14790
Huerfano,1998,7780
San Miguel,2000,6614
Alamosa,2040,17073
Costilla,2043,3070
Summit,2009,27780
Ouray,2046,5591
Dolores,1998,1764
Moffat,2003,13053
Phillips,1994,4403
Yuma,2050,9857
Gunnison,2043,19844
Sedgwick,2043,2349
Saguache,2041,6689
Summit,2042,35703
Larimer,2006,281026
San Juan,2008,700
Saguache,2019,6363
Jefferson,1990,439886
Douglas,2024,384634
Arapahoe,2038,778984
Dolores,2029,2007
Jefferson,2032,617123
Jackson,2022,1358
Jefferson,2036,625828
Fremont,2048,51765
Ouray,2017,4729
Montrose,2018,42083
Pueblo,2016,164122
Routt,2031,29624
Rio Grande,2050,10069
Gunnison,2015,15822
La Plata,2027,62367
Las Animas,2008,15487
Moffat,2021,13300
Lincoln,2037,6092
Summit,2020,31017
Saguache,2012,6158
Logan,2017,21696
Mineral,1992,582
Garfield,2009,55401
Crowley,2046,6187
Teller,2044,28533
Kit Carson,2006,7944
Boulder,2048,395173
Mesa,2012,147941
Boulder,2034,366290
Bent,1994,5401
Grand,2032,17251
Lincoln,2048,6302
Chaffee,2007,17234
Yuma,2044,10060
Custer,2011,4320
Sedgwick,1996,2681
Garfield,1991,31228
Sedgwick,2021,2397
Pueblo,1990,122886
Denver,1998,533409
Elbert,2004,22040
Broomfield,2046,94685
Morgan,2025,30129
Gunnison,1993,11306
Douglas,2004,233644
Garfield,2047,92745
Dolores,2040,1842
Park,2039,19040
Costilla,2041,3099
El Paso,2030,832462
San Miguel,2028,9220
Park,2009,15965
Chaffee,2030,21014
Routt,2023,25522
Adams,2044,747860
La Plata,2007,49151
Grand,2049,19372
Conejos,2044,6907
Kiowa,2005,1540
Teller,2024,25749
Grand,2009,14660
Phillips,2037,4468
Kit Carson,2008,8042
Saguache,2036,6627
Alamosa,2032,16863
Kiowa,2016,1424
Rio Grande,2001,12404
Mesa,2016,150345
Archuleta,1995,7110
Rio Blanco,1992,6177
Hinsdale,2035,832
Rio Blanco,2017,6567
Broomfield,2019,72670
Sedgwick,2044,2343
Alamosa,2043,17115
Dolores,2015,2083
Dolores,2046,1753
Lake,2044,8777
Summit,2045,36326
Ouray,2038,5284
Phillips,2042,4423
Kit Carson,2009,8269
Pitkin,2043,18399
Park,2012,15737
Prowers,2010,12531
Las Animas,2002,15658
Larimer,2030,412980
Yuma,2039,10152
Routt,2017,24169
Jefferson,2037,627639
Eagle,2043,68358
Rio Blanco,2040,6018
Eagle,1991,23459
Jefferson,2020,582780
Kit Carson,1998,7756
Broomfield,2039,95814
Gunnison,2024,17303
Grand,2005,13893
Routt,2037,32303
Conejos,2019,7548
La Plata,1993,35595
Kiowa,2039,1337
Ouray,2019,4894
Lake,2021,7383
Cheyenne,2011,1833
Cheyenne,1996,2284
Las Animas,2018,14727
Crowley,2050,6225
Huerfano,1993,6443
Larimer,2005,275871
Rio Grande,1996,11822
Alamosa,2019,16244
Mineral,1999,807
Rio Grande,2013,11866
Kiowa,2026,1433
Pueblo,2017,165553
Mineral,2040,915
Sedgwick,2033,2412
Saguache,2016,6190
Cheyenne,1998,2340
Yuma,2046,9998
El Paso,2026,788855
Chaffee,2025,20126
Arapahoe,2043,804864
Cheyenne,2000,2214
Adams,2010,443711
Broomfield,2050,93717
Moffat,2005,12962
Boulder,2037,374404
Grand,1994,9348
Dolores,2038,1868
Grand,2018,15262
Elbert,1998,18030
La Plata,1994,36904
Morgan,1995,25367
Montezuma,2033,28204
Phillips,2016,4503
Sedgwick,2025,2449
Archuleta,2018,13033
Weld,2015,284861
Pueblo,2010,159496
San Miguel,2016,8004
Clear Creek,2006,9278
Arapahoe,1997,459061
San Juan,1995,581
Custer,2003,3936
Routt,2002,20893
Dolores,2031,1979
Arapahoe,2032,739287
Baca,2019,3569
Alamosa,1992,13572
Clear Creek,2033,10329
Montrose,2041,54228
Morgan,1997,26650
Kit Carson,2039,7180
Costilla,2047,3004
Arapahoe,1996,451067
Boulder,2025,339366
Cheyenne,2003,2117
Grand,2048,19279
Phillips,2017,4511
Broomfield,2041,95648
Prowers,2046,10381
Crowley,2039,6133
Denver,2038,851628
Lake,2034,8351
Park,2046,18782
Conejos,2049,6735
Moffat,2048,11685
Jackson,1995,1613
Gilpin,2039,5587
Las Animas,1994,14753
Ouray,1992,2533
Summit,1993,15189
Park,2016,16464
Crowley,2031,6047
La Plata,2047,77896
Jefferson,1994,483432
Archuleta,2012,11989
Washington,2011,4610
Routt,2049,36155
Delta,1994,24343
Phillips,2020,4530
Garfield,2034,77270
Fremont,2040,50729
Ouray,1998,3457
Otero,2028,17946
Las Animas,2049,11617
Routt,2035,31460
Montezuma,2000,23852
San Juan,2033,670
Archuleta,2017,12759
El Paso,2010,627232
Moffat,2023,13198
Custer,2041,4119
Teller,2005,22507
Garfield,2025,65827
Mesa,1993,99901
Park,2014,15778
Clear Creek,2020,9392
Alamosa,2048,17143
Prowers,2033,11379
Prowers,2036,11182
Huerfano,1997,7667
Arapahoe,2011,585817
Teller,2046,28734
Routt,2034,31024
Weld,2020,331186
Boulder,1999,283928
Larimer,2035,439991
Rio Blanco,2009,6316
Jefferson,2002,527541
Morgan,1990,22073
Phillips,2007,4484
Otero,2018,18757
Logan,2024,21661
Dolores,1995,1557
Mineral,2017,782
Kit Carson,2023,7025
Delta,1993,23237
Fremont,2018,47988
Elbert,1994,12846
Archuleta,2036,16828
San Juan,2034,665
Prowers,1991,12961
Rio Grande,1991,10842
Yuma,2034,10172
Eagle,1990,22106
Chaffee,2043,22235
Dolores,2037,1888
Washington,2024,4867
Pueblo,2007,154759
Cheyenne,2034,1702
Logan,2005,22082
Kit Carson,2049,7296
El Paso,2040,930816
Kiowa,1994,1698
Archuleta,2013,11993
Sedgwick,2049,2334
Jefferson,2027,603160
Yuma,2035,10166
Dolores,2022,2080
Ouray,2000,3776
Lake,2020,7417
Lake,2038,8584
Chaffee,2044,22297
Delta,2050,36316
Mineral,2019,834
Gunnison,2045,20034
Broomfield,2010,56107
Moffat,1998,12810
Dolores,2006,1990
Moffat,2019,13361
Rio Grande,2004,12830
Arapahoe,2034,752915
Clear Creek,2005,9391
Kiowa,2002,1566
Phillips,2043,4413
Rio Grande,2035,11296
Ouray,2003,3908
Saguache,2008,6181
Archuleta,2024,14033
Kit Carson,1996,7479
Eagle,2008,50301
Otero,2030,17709
Grand,2013,14948
Larimer,2044,484200
Adams,2013,469878
Chaffee,1990,12684
Park,2041,18972
Mesa,2030,178155
Rio Blanco,2048,5698
El Paso,1990,397889
Morgan,2017,28424
Gunnison,2040,19515
Saguache,2014,6174
Morgan,2027,30625
Alamosa,2004,15412
Lake,1995,7148
Park,1997,12364
Rio Blanco,2049,5654
Archuleta,2040,17819
Saguache,2044,6723
Alamosa,2045,17135
Mesa,2000,117649
Fremont,2014,47116
La Plata,2029,64224
Garfield,1990,30149
Clear Creek,2012,9016
La Plata,2018,55733
La Plata,2014,53560
Dolores,2026,2036
Chaffee,2006,16983
Gunnison,2001,14340
Summit,2044,36128
Montezuma,2001,23873
Park,2010,16262
San Miguel,2009,7271
Boulder,2004,283288
Lincoln,2033,6077
Moffat,2009,13540
Clear Creek,2022,9405
Gunnison,2033,18569
Cheyenne,2048,1557
Gunnison,2011,15347
Eagle,2021,55686
Rio Grande,2028,11512
Bent,2028,5498
Park,2040,19011
Delta,2022,31180
Mesa,1994,102757
Jackson,2001,1590
Teller,2003,22220
Mineral,2020,863
Archuleta,1999,9570
Saguache,2035,6617
Morgan,2012,28249
Archuleta,2046,19125
Washington,1990,4812
Saguache,1999,5772
Phillips,2002,4497
Cheyenne,2012,1825
Saguache,2038,6649
Elbert,2047,37792
Logan,2036,22580
Sedgwick,2008,2422
Otero,2008,18854
Dolores,2016,2090
Fremont,2039,50596
Dolores,2032,1969
Eagle,2006,48215
Pueblo,1993,126356
San Miguel,2023,8366
Kit Carson,2004,8259
Douglas,2007,268597
Custer,2029,4544
Teller,2036,27721
Montezuma,2015,25519
Denver,2013,645303
Gilpin,1992,3239
Douglas,2016,328338
Gilpin,2031,5642
Teller,1999,20184
Lake,2014,7089
Pitkin,1990,12661
Gilpin,2037,5625
Douglas,2039,451234
Lincoln,1994,5936
Baca,2050,2928
Pueblo,1998,137381
Eagle,2009,51522
Alamosa,2005,15391
Custer,2022,4703
Kit Carson,2044,7236
Garfield,1994,34496
Montrose,2010,41188
Moffat,2004,13061
Mesa,2003,124150
Gilpin,2035,5651
Lake,2015,7157
Boulder,2040,381850
Grand,2001,13282
Saguache,2007,6153
Lake,2026,7748
Pueblo,2003,147967
Arapahoe,1992,417678
Gunnison,2019,16940
Huerfano,2015,6710
Grand,2042,18641
Weld,2044,567733
Fremont,2041,50851
La Plata,1997,40319
Garfield,2016,58162
Yuma,2025,10082
Rio Blanco,2034,6234
Logan,2010,22293
Adams,1991,273620
Phillips,2013,4485
Baca,2029,3252
Archuleta,1992,5888
Grand,2014,14932
Baca,2009,3816
Delta,2020,31159
Huerfano,1990,6009
Gunnison,2008,15138
San Miguel,2015,7823
La Plata,2010,51441
Sedgwick,2020,2410
Ouray,2034,5156
Rio Blanco,2010,6617
Park,2021,17352
Gunnison,2013,15421
San Miguel,1993,4869
Lake,2023,7519
Moffat,2020,13288
Dolores,1993,1426
Eagle,2015,52786
Rio Blanco,2046,5786
Rio Grande,2026,11560
Bent,2007,5770
Mesa,2013,147928
Alamosa,2000,15097
Ouray,2012,4471
Arapahoe,2012,596226
Kiowa,2036,1363
Las Animas,1991,13816
Delta,1995,25193
Kit Carson,2000,7975
Saguache,2037,6637
Denver,2012,632922
Las Animas,2029,14127
Ouray,2041,5398
Phillips,2047,4382
Baca,2027,3297
Phillips,2023,4540
Washington,2005,4997
Weld,2012,263852
Routt,1992,15153
El Paso,2050,994140
Rio Grande,2044,10704
Logan,1991,17499
Mineral,2047,878
Otero,2009,18847
Conejos,2020,7436
Montrose,1990,24563
Montezuma,2016,25543
Prowers,2023,11935
Fremont,1994,38711
Washington,2023,4847
Sedgwick,2023,2414
Phillips,2018,4517
Adams,2020,520076
Ouray,2001,3812
Broomfield,1991,0
Douglas,2028,406966
Garfield,2038,82607
Otero,2045,15476
Moffat,2011,13452
Hinsdale,2030,825
Teller,2018,24522
Broomfield,1995,0
Crowley,2004,5435
Denver,2039,855784
Alamosa,2016,15934
Lake,1990,6007
Cheyenne,2035,1695
Broomfield,2004,46403
Pitkin,2050,18787
Rio Grande,2011,11954
Lake,2033,8295
Jackson,2041,1228
Jackson,1999,1580
Mesa,2017,152150
Rio Blanco,1997,6320
Elbert,2027,31845
Arapahoe,2036,766172
Washington,1993,5139
San Miguel,2045,11338
El Paso,2015,677973
Park,1994,9526
Conejos,2011,8197
Fremont,2009,46637
Morgan,2004,27915
Alamosa,2044,17123
San Juan,2013,706
Kit Carson,1992,7234
Jefferson,1992,463534
Delta,2017,30706
Sedgwick,2003,2715
Fremont,2032,49653
Teller,2023,25456
Park,2017,16863
Rio Blanco,2031,6340
Jackson,2030,1296
Crowley,2041,6144
Logan,1990,17491
Grand,2023,16032
Broomfield,2023,80469
Huerfano,2049,4706
Archuleta,2035,16575
Morgan,2020,29101
Jackson,2020,1375
San Miguel,1995,5489
Sedgwick,2046,2337
Park,2018,17369
Kit Carson,2035,7134
Phillips,2040,4439
Grand,2039,18261
Lake,2029,7997
Dolores,2045,1775
Cheyenne,2032,1716
Mesa,1998,112335
Cheyenne,2037,1674
Clear Creek,2032,10234
Gilpin,2044,5471
Jackson,1996,1593
Bent,2023,5552
Prowers,2000,14452
Washington,2045,4524
Park,2006,16129
Clear Creek,2026,9608
Yuma,2040,10140
Summit,2023,31242
Prowers,2012,12394
Huerfano,2007,7659
Garfield,2001,45909
Chaffee,2032,21303
San Miguel,2040,10914
Broomfield,2021,76283
Douglas,2031,421908
Weld,2017,304596
Chaffee,2010,17797
Logan,2049,23166
Boulder,2046,392931
San Miguel,2036,10444
Cheyenne,2039,1658
Adams,2016,497822
San Juan,2014,702
Routt,1990,14169
Fremont,2022,48927
Park,2033,18978
Rio Blanco,2047,5735
Larimer,2021,362618
Kiowa,2049,1266
Jefferson,1995,491314
Jefferson,2039,630781
Bent,2009,6484
Fremont,2037,50340
Cheyenne,2023,1737
Arapahoe,2007,545876
Teller,2041,28228
Pitkin,2015,17702
San Miguel,1996,5798
Fremont,2013,47181
Alamosa,2030,16810
Huerfano,2026,6737
Custer,2048,3850
Gilpin,2042,5523
Adams,1994,300793
Otero,2006,19188
Larimer,2014,324125
Teller,1991,12717
Eagle,2035,63462
Montezuma,2024,26432
Broomfield,2014,62504
Routt,2024,26057
Gunnison,2042,19746
Larimer,2015,333446
Boulder,2020,330859
Las Animas,2023,14369
Cheyenne,2029,1742
Archuleta,1998,9133
Boulder,1993,247282
Chaffee,2017,18970
Mesa,2032,184251
Logan,2047,23100
Bent,2005,6262
Prowers,2009,12577
Broomfield,2047,94462
Baca,2014,3566
La Plata,2003,46449
Crowley,1994,4213
Denver,1995,507720
Alamosa,2007,15294
Lincoln,2038,6095
Park,2028,18534
Archuleta,2019,13189
Yuma,1991,9007
Crowley,2032,6059
Mesa,2038,201107
Bent,2032,5464
La Plata,2036,70010
Moffat,2038,12374
Moffat,2017,13225
Archuleta,2030,15278
Saguache,2030,6573
Lake,2027,7832
Larimer,2003,268147
Garfield,1999,42694
Las Animas,2042,12720
Delta,1992,21870
Logan,2040,22791
Gunnison,1997,12396
Delta,2006,29705
Pitkin,2035,18027
Logan,2031,22268
Summit,2002,26514
Prowers,1994,13693
Saguache,1991,4735
Logan,2029,22131
Delta,2007,29872
Lake,2028,7911
Kiowa,2044,1292
Pitkin,2028,17624
Montrose,2048,55824
Boulder,2035,369059
San Miguel,2048,11504
Broomfield,2003,44957
Hinsdale,2006,829
Morgan,2029,31116
Cheyenne,2042,1629
Hinsdale,2041,838
Dolores,2003,1876
Weld,1991,135739
Custer,2031,4487
Kit Carson,2010,8267
Morgan,2023,29610
Las Animas,2047,11940
Park,2037,19069
Kit Carson,2016,7480
Denver,1993,501336
Mineral,2029,930
Pitkin,2045,18502
Summit,2030,32953
Saguache,1998,5564
Montezuma,2012,25496
Washington,2012,4562
Prowers,1997,14118
Otero,2031,17581
Las Animas,2040,13002
Elbert,2034,36462
Arapahoe,2042,800427
Pitkin,1991,12984
Garfield,2021,62336
Kit Carson,2027,7048
Adams,2046,766608
Archuleta,2049,19678
Fremont,1997,42854
Montezuma,2032,28052
Yuma,2048,9936
Alamosa,2041,17094
Rio Blanco,2025,6482
Rio Blanco,2032,6298
Baca,1994,4387
Lincoln,2021,5677
Pueblo,2022,170004
Mesa,2028,172020
Pueblo,2026,174779
Phillips,2039,4443
Huerfano,2033,6349
Chaffee,2029,20826
Gilpin,2027,5726
Teller,2001,21737
Kiowa,2033,1383
Pitkin,2020,17363
Teller,2033,27359
Mesa,1991,95990
Douglas,2047,464889
Elbert,2045,37856
Rio Grande,2015,11778
Hinsdale,1999,787
Conejos,2001,8364
Delta,2038,34792
Lincoln,2024,5825
Bent,2015,5965
Douglas,2025,391023
Garfield,1996,37678
Pueblo,2030,179837
El Paso,2035,885400
Conejos,2023,7269
Larimer,2024,378059
Gilpin,2012,5500
Mineral,2021,885
Garfield,2040,85224
Kiowa,2027,1429
Dolores,2036,1907
Logan,2027,21985
El Paso,2031,843405
Huerfano,1994,6914
Logan,1995,19372
Otero,2044,15635
Park,1993,8575
Kit Carson,2025,7028
Morgan,2043,33992
Jackson,2042,1223
Broomfield,2035,95646
Sedgwick,2012,2374
San Miguel,2020,8063
Hinsdale,2050,859
Dolores,2033,1957
Douglas,2019,351208
Park,2013,15727
Logan,2020,21406
Kiowa,2001,1607
Moffat,1993,11797
Fremont,2046,51492
Montezuma,1992,19654
Delta,2025,31678
Jackson,1994,1646
El Paso,2032,854300
Rio Grande,2043,10783
Otero,2017,18762
Morgan,2014,28165
Kiowa,2037,1357
Arapahoe,2050,827721
El Paso,1991,405951
Saguache,2026,6539
Kit Carson,1990,7140
Morgan,2035,32489
Dolores,2041,1828
Archuleta,2014,11932
Kit Carson,2020,7077
Elbert,2041,37898
Summit,2046,36530
Custer,2001,3728
Mineral,2025,920
Kit Carson,2017,7402
Dolores,2012,2077
Rio Grande,2047,10403
Delta,1999,27408
Archuleta,2034,16324
Summit,2039,35055
El Paso,2034,875321
Jackson,2025,1323
Pueblo,2025,173461
Huerfano,1992,6182
Fremont,1991,32236
Washington,2047,4427
Baca,2045,2991
Saguache,2004,6242
Saguache,2050,6809
Morgan,2031,31588
Denver,2040,859004
Phillips,1998,4565
Elbert,2036,37197
Rio Grande,1995,11695
Weld,2029,418367
El Paso,1993,437127
Fremont,2012,47130
Mineral,2009,712
Custer,2004,3984
Phillips,2048,4375
Elbert,2014,23569
Weld,2003,207156
Elbert,2043,37896
Routt,2029,28641
Otero,2024,18399
Fremont,2010,46854
El Paso,2023,756951
Bent,2030,5483
Denver,1999,545515
Cheyenne,2001,2170
Prowers,2007,12777
El Paso,2025,778050
Lincoln,2029,5996
Fremont,1998,43817
Weld,2000,183074
El Paso,2047,978863
San Juan,2015,701
Clear Creek,2036,10613
Weld,2048,602765
Routt,2014,23661
Elbert,2022,27262
Broomfield,2028,91730
Ouray,2018,4735
Mineral,2030,929
Saguache,2015,6180
Baca,2034,3150
Alamosa,2034,16926
Sedgwick,2047,2338
Kiowa,2038,1347
Chaffee,1997,15409
Rio Grande,2039,11090
Ouray,2007,4275
Kit Carson,2029,7069
Fremont,2001,46738
Chaffee,2039,21935
Larimer,2050,510876
Gilpin,2025,5775
Montezuma,2027,27128
Hinsdale,2046,848
Cheyenne,2027,1744
Hinsdale,1992,504
La Plata,2042,74484
Kiowa,2017,1424
Otero,2037,16757
Moffat,2029,12865
Jefferson,2025,596798
Clear Creek,1991,7663
Summit,1996,19396
Pueblo,2023,171021
Mineral,2039,919
Morgan,1999,26954
Elbert,2042,37904
Larimer,2037,450311
Larimer,2000,253087
Broomfield,2032,95013
La Plata,2004,46927
Mineral,2008,769
Pueblo,2048,193861
Phillips,2022,4540
El Paso,1996,476988
Montezuma,2040,29048
Cheyenne,2031,1722
Elbert,2006,22526
Denver,2018,702680
San Miguel,2012,7573
Crowley,2038,6117
Broomfield,2049,93978
Lake,2005,7287
Denver,2035,836496
Grand,2043,18762
Fremont,2030,49350
Jefferson,2015,565161
Lincoln,2031,6047
Dolores,2035,1919
Montezuma,2008,25197
Mineral,1994,648
Rio Grande,2032,11406
Phillips,2031,4507
Fremont,1996,41831
Bent,2040,5408
Costilla,2050,2941
San Miguel,2042,11109
Rio Grande,2024,11506
La Plata,2046,77242
Logan,2002,22098
Gilpin,1999,4538
Elbert,2021,26470
Lincoln,1999,6088
Baca,2038,3082
Bent,1995,5555
Chaffee,2038,21853
Baca,2046,2978
Mineral,2027,930
Montezuma,2004,24602
Chaffee,2050,22593
Las Animas,2003,16089
Gunnison,2032,18421
Kiowa,2014,1397
Mesa,2009,144794
Baca,2013,3635
Clear Creek,2007,9334
Morgan,2038,33113
Prowers,1995,13822
Grand,2015,14958
